-- phpMyAdmin SQL Dump
-- version 4.6.6deb5
-- https://www.phpmyadmin.net/
--
-- Хост: localhost:3306
-- Время создания: Янв 31 2020 г., 17:44
-- Версия сервера: 5.7.29-0ubuntu0.18.04.1
-- Версия PHP: 7.2.24-0ubuntu0.18.04.2

SET SQL_MODE = "NO_AUTO_VALUE_ON_ZERO";
SET time_zone = "+00:00";


/*!40101 SET @OLD_CHARACTER_SET_CLIENT=@@CHARACTER_SET_CLIENT */;
/*!40101 SET @OLD_CHARACTER_SET_RESULTS=@@CHARACTER_SET_RESULTS */;
/*!40101 SET @OLD_COLLATION_CONNECTION=@@COLLATION_CONNECTION */;
/*!40101 SET NAMES utf8mb4 */;

--
-- База данных: `56426-task-force-1`
--

-- --------------------------------------------------------

--
-- Структура таблицы `attachment`
--

CREATE TABLE `attachment` (
  `id` int(11) NOT NULL COMMENT 'Идентификатор',
  `task_id` int(11) NOT NULL COMMENT 'Задание',
  `file_id` int(11) NOT NULL COMMENT 'Файл'
) ENGINE=InnoDB DEFAULT CHARSET=utf8;

-- --------------------------------------------------------

--
-- Структура таблицы `category`
--

CREATE TABLE `category` (
  `id` int(11) NOT NULL COMMENT 'Идентификатор',
  `name` varchar(64) NOT NULL COMMENT 'Название категории задания',
  `icon` varchar(64) DEFAULT NULL COMMENT 'Значок категории',
  `dt_add` timestamp NOT NULL DEFAULT CURRENT_TIMESTAMP COMMENT 'Время создания записи'
) ENGINE=InnoDB DEFAULT CHARSET=utf8;

--
-- Дамп данных таблицы `category`
--

INSERT INTO `category` (`id`, `name`, `icon`, `dt_add`) VALUES
(1, 'Курьерские услуги', 'translation', '2019-12-12 07:08:18'),
(2, 'Уборка', 'clean', '2019-12-12 07:08:18'),
(3, 'Переезды', 'cargo', '2019-12-12 07:08:18'),
(4, 'Компьютерная помощь', 'neo', '2019-12-12 07:08:18'),
(5, 'Ремонт квартирный', 'flat', '2019-12-12 07:08:18'),
(6, 'Ремонт техники', 'repair', '2019-12-12 07:08:18'),
(7, 'Красота', 'beauty', '2019-12-12 07:08:18'),
(8, 'Фото', 'photo', '2019-12-12 07:08:18');

-- --------------------------------------------------------

--
-- Структура таблицы `chat`
--

CREATE TABLE `chat` (
  `id` int(11) NOT NULL COMMENT 'Идентификатор',
  `task_id` int(11) NOT NULL COMMENT 'Задание',
  `contractor_id` int(11) NOT NULL COMMENT 'Исполнитель',
  `message` varchar(255) NOT NULL COMMENT 'Текст сообщения',
  `dt_add` timestamp NOT NULL DEFAULT CURRENT_TIMESTAMP COMMENT 'Время создания записи'
) ENGINE=InnoDB DEFAULT CHARSET=utf8;

-- --------------------------------------------------------

--
-- Структура таблицы `city`
--

CREATE TABLE `city` (
  `id` int(11) NOT NULL COMMENT 'Идентификатор',
  `name` varchar(64) NOT NULL COMMENT 'Название города',
  `lat` decimal(10,7) DEFAULT NULL COMMENT 'Широта',
  `long` decimal(10,7) DEFAULT NULL COMMENT 'Долгота',
  `dt_add` timestamp NOT NULL DEFAULT CURRENT_TIMESTAMP COMMENT 'Время создания записи'
) ENGINE=InnoDB DEFAULT CHARSET=utf8;

--
-- Дамп данных таблицы `city`
--

INSERT INTO `city` (`id`, `name`, `lat`, `long`, `dt_add`) VALUES
(1, 'Абаза', '52.6517296', '90.0885929', '2019-12-12 07:07:12'),
(2, 'Абакан', '53.7223661', '91.4437792', '2019-12-12 07:07:12'),
(3, 'Абдулино', '53.6778096', '53.6473115', '2019-12-12 07:07:12'),
(4, 'Абинск', '44.8679931', '38.1618437', '2019-12-12 07:07:12'),
(5, 'Агидель', '55.8997600', '53.9221149', '2019-12-12 07:07:12'),
(6, 'Агрыз', '56.5232645', '52.9942570', '2019-12-12 07:07:12'),
(7, 'Адыгейск', '44.8783715', '39.1901720', '2019-12-12 07:07:12'),
(8, 'Азнакаево', '54.8599054', '53.0745505', '2019-12-12 07:07:12'),
(9, 'Азов', '47.1120631', '39.4232597', '2019-12-12 07:07:12'),
(10, 'Ак-Довурак', '51.1785658', '90.5984511', '2019-12-12 07:07:12'),
(11, 'Аксай', '47.2676075', '39.8755485', '2019-12-12 07:07:12'),
(12, 'Алагир', '43.0416151', '44.2198622', '2019-12-12 07:07:12'),
(13, 'Алапаевск', '57.8475542', '61.6693934', '2019-12-12 07:07:12'),
(14, 'Алатырь', '54.8398179', '46.5721423', '2019-12-12 07:07:12'),
(15, 'Алдан', '58.6094885', '125.3816689', '2019-12-12 07:07:12'),
(16, 'Алейск', '52.4920914', '82.7794145', '2019-12-12 07:07:12'),
(17, 'Александров', '56.3919652', '38.7110350', '2019-12-12 07:07:12'),
(18, 'Александровск', '59.1613773', '57.5764851', '2019-12-12 07:07:12'),
(19, 'Александровск-Сахалинский', '50.8973664', '142.1579322', '2019-12-12 07:07:12'),
(20, 'Алексеевка', '50.6299932', '38.6881776', '2019-12-12 07:07:12'),
(21, 'Алексин', '54.5083788', '37.0478910', '2019-12-12 07:07:12'),
(22, 'Алзамай', '55.5550493', '98.6644106', '2019-12-12 07:07:12'),
(23, 'Алушта', '44.6764419', '34.4100387', '2019-12-12 07:07:12'),
(24, 'Альметьевск', '54.9013662', '52.2970654', '2019-12-12 07:07:12'),
(25, 'Амурск', '50.2345017', '136.8791135', '2019-12-12 07:07:12'),
(26, 'Анадырь', '64.7314347', '177.5015752', '2019-12-12 07:07:12'),
(27, 'Анапа', '44.8950777', '37.3163142', '2019-12-12 07:07:12'),
(28, 'Ангарск', '52.5448102', '103.8885385', '2019-12-12 07:07:12'),
(29, 'Андреаполь', '56.6507072', '32.2621196', '2019-12-12 07:07:12'),
(30, 'Анжеро-Судженск', '56.0787179', '86.0202207', '2019-12-12 07:07:12'),
(31, 'Анива', '46.7132526', '142.5265052', '2019-12-12 07:07:12'),
(32, 'Апатиты', '67.5678295', '33.4067218', '2019-12-12 07:07:12'),
(33, 'Апрелевка', '55.5276336', '37.0651105', '2019-12-12 07:07:12'),
(34, 'Апшеронск', '44.4585239', '39.7300092', '2019-12-12 07:07:12'),
(35, 'Арамиль', '56.6945341', '60.8343825', '2019-12-12 07:07:12'),
(36, 'Аргун', '43.2918071', '45.8724383', '2019-12-12 07:07:12'),
(37, 'Ардатов', '54.8465693', '46.2412736', '2019-12-12 07:07:12'),
(38, 'Ардон', '43.1756719', '44.2955701', '2019-12-12 07:07:12'),
(39, 'Арзамас', '55.3947544', '43.8407855', '2019-12-12 07:07:12'),
(40, 'Аркадак', '51.9387813', '43.4997558', '2019-12-12 07:07:12'),
(41, 'Армавир', '45.0010338', '41.1323920', '2019-12-12 07:07:12'),
(42, 'Армянск', '46.1059247', '33.6910325', '2019-12-12 07:07:12'),
(43, 'Арсеньев', '44.1620800', '133.2696220', '2019-12-12 07:07:12'),
(44, 'Арск', '56.0913636', '49.8770441', '2019-12-12 07:07:12'),
(45, 'Артем', '43.3500530', '132.1596594', '2019-12-12 07:07:12'),
(46, 'Артемовск', '54.3472901', '93.4356543', '2019-12-12 07:07:12'),
(47, 'Артемовский', '57.3384162', '61.8946599', '2019-12-12 07:07:12'),
(48, 'Архангельск', '64.5392985', '40.5170083', '2019-12-12 07:07:12'),
(49, 'Асбест', '57.0052428', '61.4581071', '2019-12-12 07:07:12'),
(50, 'Асино', '56.9908444', '86.1765724', '2019-12-12 07:07:12'),
(51, 'Астрахань', '46.3655808', '48.0559979', '2019-12-12 07:07:12'),
(52, 'Аткарск', '51.8736331', '45.0003199', '2019-12-12 07:07:12'),
(53, 'Ахтубинск', '48.2753078', '46.1906741', '2019-12-12 07:07:12'),
(54, 'Ачинск', '56.2538662', '90.4794900', '2019-12-12 07:07:12'),
(55, 'Аша', '54.9907105', '57.2783704', '2019-12-12 07:07:12'),
(56, 'Бабаево', '59.3893090', '35.9378318', '2019-12-12 07:07:12'),
(57, 'Бабушкин', '51.7113066', '105.8673633', '2019-12-12 07:07:12'),
(58, 'Бавлы', '54.4063588', '53.2457946', '2019-12-12 07:07:12'),
(59, 'Багратионовск', '54.3866976', '20.6418545', '2019-12-12 07:07:12'),
(60, 'Байкальск', '51.5231282', '104.1485752', '2019-12-12 07:07:12'),
(61, 'Баймак', '52.5912632', '58.3111995', '2019-12-12 07:07:12'),
(62, 'Бакал', '54.9406759', '58.8051085', '2019-12-12 07:07:12'),
(63, 'Баксан', '43.6820621', '43.5345627', '2019-12-12 07:07:12'),
(64, 'Балабаново', '55.1773652', '36.6567255', '2019-12-12 07:07:12'),
(65, 'Балаково', '52.0222694', '47.7828146', '2019-12-12 07:07:12'),
(66, 'Балахна', '56.4949932', '43.5758953', '2019-12-12 07:07:12'),
(67, 'Балашиха', '55.7963352', '37.9381413', '2019-12-12 07:07:12'),
(68, 'Балашов', '51.5389502', '43.1839828', '2019-12-12 07:07:12'),
(69, 'Балей', '51.5822063', '116.6380088', '2019-12-12 07:07:12'),
(70, 'Балтийск', '54.6514128', '19.9141911', '2019-12-12 07:07:12'),
(71, 'Барабинск', '55.3515917', '78.3465012', '2019-12-12 07:07:12'),
(72, 'Барнаул', '53.3481145', '83.7798362', '2019-12-12 07:07:12'),
(73, 'Барыш', '53.6534563', '47.1180805', '2019-12-12 07:07:12'),
(74, 'Батайск', '47.1383210', '39.7508382', '2019-12-12 07:07:12'),
(75, 'Бахчисарай', '44.7513880', '33.8750341', '2019-12-12 07:07:12'),
(76, 'Бежецк', '57.7861144', '36.6903445', '2019-12-12 07:07:12'),
(77, 'Белая Калитва', '48.1769480', '40.8033169', '2019-12-12 07:07:12'),
(78, 'Белая Холуница', '58.8415212', '50.8461002', '2019-12-12 07:07:12'),
(79, 'Белгород', '50.5977351', '36.5858236', '2019-12-12 07:07:12'),
(80, 'Белебей', '54.1033832', '54.1111878', '2019-12-12 07:07:12'),
(81, 'Белев', '53.8113348', '36.1383153', '2019-12-12 07:07:12'),
(82, 'Белинский', '52.9641169', '43.4185003', '2019-12-12 07:07:12'),
(83, 'Белово', '54.4221442', '86.3036438', '2019-12-12 07:07:12'),
(84, 'Белогорск', '50.9212235', '128.4738742', '2019-12-12 07:07:12'),
(85, 'Белогорск', '45.0571581', '34.5998775', '2019-12-12 07:07:12'),
(86, 'Белозерск', '60.0307914', '37.7891123', '2019-12-12 07:07:12'),
(87, 'Белокуриха', '51.9960534', '84.9840343', '2019-12-12 07:07:12'),
(88, 'Беломорск', '64.5378468', '34.7799717', '2019-12-12 07:07:12'),
(89, 'Белорецк', '53.9675927', '58.4099562', '2019-12-12 07:07:12'),
(90, 'Белореченск', '44.7652733', '39.8780457', '2019-12-12 07:07:12'),
(91, 'Белоусово', '55.0957679', '36.6777239', '2019-12-12 07:07:12'),
(92, 'Белоярский', '63.7121810', '66.6772357', '2019-12-12 07:07:12'),
(93, 'Белый', '55.8337663', '32.9388976', '2019-12-12 07:07:12'),
(94, 'Бердск', '54.7582375', '83.1072212', '2019-12-12 07:07:12'),
(95, 'Березники', '59.4079898', '56.8040725', '2019-12-12 07:07:12'),
(96, 'Березовский', '55.6692853', '86.2744636', '2019-12-12 07:07:12'),
(97, 'Березовский', '56.9096284', '60.8180256', '2019-12-12 07:07:12'),
(98, 'Беслан', '43.1937634', '44.5338746', '2019-12-12 07:07:12'),
(99, 'Бийск', '52.5393683', '85.2138852', '2019-12-12 07:07:12'),
(100, 'Бикин', '46.8186244', '134.2551046', '2019-12-12 07:07:12'),
(101, 'Билибино', '68.0585533', '166.4388451', '2019-12-12 07:07:12'),
(102, 'Биробиджан', '48.7945975', '132.9217594', '2019-12-12 07:07:12'),
(103, 'Бирск', '55.4157107', '55.5582335', '2019-12-12 07:07:12'),
(104, 'Бирюсинск', '55.9608611', '97.8203624', '2019-12-12 07:07:12'),
(105, 'Бирюч', '50.6483899', '38.4006203', '2019-12-12 07:07:12'),
(106, 'Благовещенск', '50.2905935', '127.5272186', '2019-12-12 07:07:12'),
(107, 'Благовещенск', '55.0499592', '55.9553090', '2019-12-12 07:07:12'),
(108, 'Благодарный', '45.0990834', '43.4307042', '2019-12-12 07:07:12'),
(109, 'Бобров', '51.0902048', '40.0320014', '2019-12-12 07:07:12'),
(110, 'Богданович', '56.7764419', '62.0463692', '2019-12-12 07:07:12'),
(111, 'Богородицк', '53.7700516', '38.1225308', '2019-12-12 07:07:12'),
(112, 'Богородск', '56.1019905', '43.5136780', '2019-12-12 07:07:12'),
(113, 'Боготол', '56.2098810', '89.5300182', '2019-12-12 07:07:12'),
(114, 'Богучар', '49.9352997', '40.5592467', '2019-12-12 07:07:12'),
(115, 'Бодайбо', '57.8468822', '114.1867148', '2019-12-12 07:07:12'),
(116, 'Бокситогорск', '59.4735032', '33.8456521', '2019-12-12 07:07:12'),
(117, 'Болгар', '54.9748862', '49.0302977', '2019-12-12 07:07:12'),
(118, 'Бологое', '57.8856550', '34.0536895', '2019-12-12 07:07:12'),
(119, 'Болотное', '55.6693773', '84.3906599', '2019-12-12 07:07:12'),
(120, 'Болохово', '54.0820644', '37.8268440', '2019-12-12 07:07:12'),
(121, 'Болхов', '53.4440204', '36.0076969', '2019-12-12 07:07:12'),
(122, 'Большой Камень', '43.1112737', '132.3480354', '2019-12-12 07:07:12'),
(123, 'Бор', '56.3565179', '44.0644851', '2019-12-12 07:07:12'),
(124, 'Борзя', '50.3875437', '116.5235682', '2019-12-12 07:07:12'),
(125, 'Борисоглебск', '51.3654619', '42.1009470', '2019-12-12 07:07:12'),
(126, 'Боровичи', '58.3839866', '33.9176761', '2019-12-12 07:07:12'),
(127, 'Боровск', '55.2130965', '36.4927446', '2019-12-12 07:07:12'),
(128, 'Бородино', '55.9054308', '94.9021138', '2019-12-12 07:07:12'),
(129, 'Братск', '56.1513951', '101.6339892', '2019-12-12 07:07:12'),
(130, 'Бронницы', '55.4255534', '38.2640794', '2019-12-12 07:07:12'),
(131, 'Брянск', '53.2420071', '34.3652716', '2019-12-12 07:07:12'),
(132, 'Бугульма', '54.5363428', '52.7895286', '2019-12-12 07:07:12'),
(133, 'Бугуруслан', '53.6522636', '52.4326166', '2019-12-12 07:07:12'),
(134, 'Буденновск', '44.7814437', '44.1650859', '2019-12-12 07:07:12'),
(135, 'Бузулук', '52.7881434', '52.2623757', '2019-12-12 07:07:12'),
(136, 'Буинск', '54.9641106', '48.2900576', '2019-12-12 07:07:12'),
(137, 'Буй', '58.4734450', '41.5306746', '2019-12-12 07:07:12'),
(138, 'Буйнакск', '42.8213799', '47.1164452', '2019-12-12 07:07:12'),
(139, 'Бутурлиновка', '50.8313227', '40.5977541', '2019-12-12 07:07:12'),
(140, 'Валдай', '57.9822906', '33.2369492', '2019-12-12 07:07:12'),
(141, 'Валуйки', '50.2112799', '38.0998765', '2019-12-12 07:07:12'),
(142, 'Велиж', '55.6058845', '31.1857376', '2019-12-12 07:07:12'),
(143, 'Великие Луки', '56.3321847', '30.5507570', '2019-12-12 07:07:12'),
(144, 'Великий Новгород', '58.5214003', '31.2755051', '2019-12-12 07:07:12'),
(145, 'Великий Устюг', '60.7603243', '46.3053893', '2019-12-12 07:07:12'),
(146, 'Вельск', '61.0660057', '42.1032858', '2019-12-12 07:07:12'),
(147, 'Венев', '54.3542431', '38.2642325', '2019-12-12 07:07:12'),
(148, 'Верещагино', '58.0797908', '54.6580948', '2019-12-12 07:07:12'),
(149, 'Верея', '55.3674668', '36.1563083', '2019-12-12 07:07:12'),
(150, 'Верхнеуральск', '53.8760587', '59.2169071', '2019-12-12 07:07:12'),
(151, 'Верхний Тагил', '57.3762768', '59.9516521', '2019-12-12 07:07:12'),
(152, 'Верхний Уфалей', '56.0487252', '60.2319630', '2019-12-12 07:07:12'),
(153, 'Верхняя Пышма', '56.9757833', '60.5648850', '2019-12-12 07:07:12'),
(154, 'Верхняя Салда', '58.0466039', '60.5560397', '2019-12-12 07:07:12'),
(155, 'Верхняя Тура', '58.3643839', '59.8266854', '2019-12-12 07:07:12'),
(156, 'Верхотурье', '58.8621145', '60.8104543', '2019-12-12 07:07:12'),
(157, 'Верхоянск', '67.5500865', '133.3907829', '2019-12-12 07:07:12'),
(158, 'Весьегонск', '58.6584004', '37.2568605', '2019-12-12 07:07:12'),
(159, 'Ветлуга', '57.8558395', '45.7762692', '2019-12-12 07:07:12'),
(160, 'Видное', '55.5518323', '37.7062062', '2019-12-12 07:07:12'),
(161, 'Вилюйск', '63.7517314', '121.6272754', '2019-12-12 07:07:12'),
(162, 'Вилючинск', '52.9304280', '158.4057276', '2019-12-12 07:07:12'),
(163, 'Вихоревка', '56.1207708', '101.1703320', '2019-12-12 07:07:12'),
(164, 'Вичуга', '57.2044545', '41.9131192', '2019-12-12 07:07:12'),
(165, 'Владивосток', '43.1163807', '131.8823480', '2019-12-12 07:07:12'),
(166, 'Владикавказ', '43.0205039', '44.6819383', '2019-12-12 07:07:12'),
(167, 'Владимир', '56.1281561', '40.4082995', '2019-12-12 07:07:12'),
(168, 'Волгоград', '48.7072005', '44.5170207', '2019-12-12 07:07:12'),
(169, 'Волгодонск', '47.5165181', '42.1984531', '2019-12-12 07:07:12'),
(170, 'Волгореченск', '57.4423712', '41.1593076', '2019-12-12 07:07:12'),
(171, 'Волжск', '55.8622987', '48.3715530', '2019-12-12 07:07:12'),
(172, 'Волжский', '48.7978483', '44.7462417', '2019-12-12 07:07:12'),
(173, 'Вологда', '59.2484186', '39.8356461', '2019-12-12 07:07:12'),
(174, 'Володарск', '56.2168974', '43.1597623', '2019-12-12 07:07:12'),
(175, 'Волоколамск', '56.0358121', '35.9585027', '2019-12-12 07:07:12'),
(176, 'Волосово', '59.4445107', '29.4922770', '2019-12-12 07:07:12'),
(177, 'Волхов', '59.9006057', '32.3521200', '2019-12-12 07:07:12'),
(178, 'Волчанск', '59.9350515', '60.0797964', '2019-12-12 07:07:12'),
(179, 'Вольск', '52.0459932', '47.3873504', '2019-12-12 07:07:12'),
(180, 'Воркута', '67.4973484', '64.0611045', '2019-12-12 07:07:12'),
(181, 'Воронеж', '51.6592378', '39.1968284', '2019-12-12 07:07:12'),
(182, 'Ворсма', '55.9900425', '43.2719879', '2019-12-12 07:07:12'),
(183, 'Воскресенск', '55.3071305', '38.7026949', '2019-12-12 07:07:12'),
(184, 'Воткинск', '57.0517641', '53.9874635', '2019-12-12 07:07:12'),
(185, 'Всеволожск', '60.0190094', '30.6455834', '2019-12-12 07:07:12'),
(186, 'Вуктыл', '63.8615209', '57.3165207', '2019-12-12 07:07:12'),
(187, 'Выборг', '60.7130748', '28.7328813', '2019-12-12 07:07:12'),
(188, 'Выкса', '55.3207103', '42.1679169', '2019-12-12 07:07:12'),
(189, 'Высоковск', '56.3361410', '36.5251316', '2019-12-12 07:07:12'),
(190, 'Высоцк', '60.6296511', '28.5709914', '2019-12-12 07:07:12'),
(191, 'Вытегра', '61.0064157', '36.4495835', '2019-12-12 07:07:12'),
(192, 'Вышний Волочек', '57.5683326', '34.5402931', '2019-12-12 07:07:12'),
(193, 'Вяземский', '47.5354416', '134.7553701', '2019-12-12 07:07:12'),
(194, 'Вязники', '56.2976528', '42.2687311', '2019-12-12 07:07:12'),
(195, 'Вязьма', '55.2115563', '34.2951196', '2019-12-12 07:07:12'),
(196, 'Вятские Поляны', '56.2286058', '51.0614666', '2019-12-12 07:07:12'),
(197, 'Гаврилов Посад', '56.5585967', '40.1228288', '2019-12-12 07:07:12'),
(198, 'Гаврилов-Ям', '57.3091552', '39.8545157', '2019-12-12 07:07:12'),
(199, 'Гагарин', '55.5526532', '34.9949049', '2019-12-12 07:07:12'),
(200, 'Гаджиево', '69.2490009', '33.3152445', '2019-12-12 07:07:12'),
(201, 'Гай', '51.4649138', '58.4436189', '2019-12-12 07:07:12'),
(202, 'Галич', '58.3826861', '42.3654563', '2019-12-12 07:07:12'),
(203, 'Гатчина', '59.5650861', '30.1281859', '2019-12-12 07:07:12'),
(204, 'Гвардейск', '54.6588981', '21.0500584', '2019-12-12 07:07:12'),
(205, 'Гдов', '58.7432585', '27.8263328', '2019-12-12 07:07:12'),
(206, 'Геленджик', '44.5631053', '38.0790184', '2019-12-12 07:07:12'),
(207, 'Георгиевск', '44.1486421', '43.4739718', '2019-12-12 07:07:12'),
(208, 'Глазов', '58.1359111', '52.6634998', '2019-12-12 07:07:12'),
(209, 'Голицыно', '55.6189762', '36.9855559', '2019-12-12 07:07:12'),
(210, 'Горбатов', '56.1307901', '43.0626829', '2019-12-12 07:07:12'),
(211, 'Горно-Алтайск', '51.9582681', '85.9602957', '2019-12-12 07:07:12'),
(212, 'Горнозаводск', '58.3743406', '58.3230329', '2019-12-12 07:07:12'),
(213, 'Горняк', '50.9979032', '81.4643059', '2019-12-12 07:07:12'),
(214, 'Городец', '56.6447459', '43.4722975', '2019-12-12 07:07:12'),
(215, 'Городище', '53.2727888', '45.7027310', '2019-12-12 07:07:12'),
(216, 'Городовиковск', '46.0875351', '41.9354039', '2019-12-12 07:07:12'),
(217, 'Гороховец', '56.2021059', '42.6925170', '2019-12-12 07:07:12'),
(218, 'Горячий Ключ', '44.6343251', '39.1356421', '2019-12-12 07:07:12'),
(219, 'Грайворон', '50.4862699', '35.6662957', '2019-12-12 07:07:12'),
(220, 'Гремячинск', '58.5625603', '57.8520073', '2019-12-12 07:07:12'),
(221, 'Грозный', '43.3179243', '45.6981102', '2019-12-12 07:07:12'),
(222, 'Грязи', '52.4873931', '39.9331785', '2019-12-12 07:07:12'),
(223, 'Грязовец', '58.8757657', '40.2484770', '2019-12-12 07:07:12'),
(224, 'Губаха', '58.8370240', '57.5544441', '2019-12-12 07:07:12'),
(225, 'Губкин', '51.2836362', '37.5347608', '2019-12-12 07:07:12'),
(226, 'Губкинский', '64.4456575', '76.4714559', '2019-12-12 07:07:12'),
(227, 'Гудермес', '43.3519164', '46.1036052', '2019-12-12 07:07:12'),
(228, 'Гуково', '48.0449422', '39.9484635', '2019-12-12 07:07:12'),
(229, 'Гулькевичи', '45.3605769', '40.6918484', '2019-12-12 07:07:12'),
(230, 'Гурьевск', '54.7705368', '20.6039109', '2019-12-12 07:07:12'),
(231, 'Гурьевск', '54.2860005', '85.9477230', '2019-12-12 07:07:12'),
(232, 'Гусев', '54.5915477', '22.1944114', '2019-12-12 07:07:12'),
(233, 'Гусиноозерск', '51.2865751', '106.5230732', '2019-12-12 07:07:12'),
(234, 'Гусь-Хрустальный', '55.6198065', '40.6578769', '2019-12-12 07:07:12'),
(235, 'Давлеканово', '54.2227617', '55.0313419', '2019-12-12 07:07:12'),
(236, 'Дагестанские Огни', '42.1151021', '48.1939983', '2019-12-12 07:07:12'),
(237, 'Далматово', '56.2621393', '62.9387378', '2019-12-12 07:07:12'),
(238, 'Дальнегорск', '44.5539909', '135.5662536', '2019-12-12 07:07:12'),
(239, 'Дальнереченск', '45.9307882', '133.7316542', '2019-12-12 07:07:12'),
(240, 'Данилов', '58.1859542', '40.1796765', '2019-12-12 07:07:12'),
(241, 'Данков', '53.2576900', '39.1457625', '2019-12-12 07:07:12'),
(242, 'Дегтярск', '56.7048199', '60.0792227', '2019-12-12 07:07:12'),
(243, 'Дедовск', '55.8704718', '37.1244724', '2019-12-12 07:07:12'),
(244, 'Демидов', '55.2682611', '31.5062078', '2019-12-12 07:07:12'),
(245, 'Дербент', '42.0589350', '48.2908653', '2019-12-12 07:07:12'),
(246, 'Десногорск', '54.1465117', '33.2834063', '2019-12-12 07:07:12'),
(247, 'Джанкой', '45.7092436', '34.3883320', '2019-12-12 07:07:12'),
(248, 'Дзержинск', '56.2376438', '43.4599363', '2019-12-12 07:07:12'),
(249, 'Дзержинский', '55.6241079', '37.8440691', '2019-12-12 07:07:12'),
(250, 'Дивногорск', '55.9577868', '92.3800850', '2019-12-12 07:07:12'),
(251, 'Дигора', '43.1567386', '44.1551132', '2019-12-12 07:07:12'),
(252, 'Димитровград', '54.2168446', '49.6261645', '2019-12-12 07:07:12'),
(253, 'Дмитриев', '52.1269291', '35.0739504', '2019-12-12 07:07:12'),
(254, 'Дмитров', '56.3477176', '37.5267184', '2019-12-12 07:07:12'),
(255, 'Дмитровск', '52.5053481', '35.1415350', '2019-12-12 07:07:12'),
(256, 'Дно', '57.8269802', '29.9629569', '2019-12-12 07:07:12'),
(257, 'Добрянка', '58.4696353', '56.4131294', '2019-12-12 07:07:12'),
(258, 'Долгопрудный', '55.9384901', '37.5100527', '2019-12-12 07:07:12'),
(259, 'Долинск', '47.3255903', '142.7945985', '2019-12-12 07:07:12'),
(260, 'Домодедово', '55.4363901', '37.7666263', '2019-12-12 07:07:12'),
(261, 'Донецк', '48.3350928', '39.9460654', '2019-12-12 07:07:12'),
(262, 'Донской', '53.9679582', '38.3372104', '2019-12-12 07:07:12'),
(263, 'Дорогобуж', '54.9137794', '33.3024596', '2019-12-12 07:07:12'),
(264, 'Дрезна', '55.7442991', '38.8499228', '2019-12-12 07:07:12'),
(265, 'Дубна', '56.7417949', '37.1757163', '2019-12-12 07:07:12'),
(266, 'Дубовка', '49.0555342', '44.8270813', '2019-12-12 07:07:12'),
(267, 'Дудинка', '69.4031339', '86.1908135', '2019-12-12 07:07:12'),
(268, 'Духовщина', '55.1950509', '32.4012351', '2019-12-12 07:07:12'),
(269, 'Дюртюли', '55.4848047', '54.8524875', '2019-12-12 07:07:12'),
(270, 'Дятьково', '53.5958283', '34.3550920', '2019-12-12 07:07:12'),
(271, 'Евпатория', '45.1904322', '33.3667685', '2019-12-12 07:07:12'),
(272, 'Егорьевск', '55.3831326', '39.0358236', '2019-12-12 07:07:12'),
(273, 'Ейск', '46.7114611', '38.2764915', '2019-12-12 07:07:12'),
(274, 'Екатеринбург', '56.8386326', '60.6054887', '2019-12-12 07:07:12'),
(275, 'Елабуга', '55.7566727', '52.0544438', '2019-12-12 07:07:12'),
(276, 'Елец', '52.6151738', '38.5289121', '2019-12-12 07:07:12'),
(277, 'Елизово', '53.1829573', '158.3882833', '2019-12-12 07:07:12'),
(278, 'Ельня', '54.5836832', '33.1749566', '2019-12-12 07:07:12'),
(279, 'Еманжелинск', '54.7554084', '61.3243985', '2019-12-12 07:07:12'),
(280, 'Емва', '62.5965314', '50.8731889', '2019-12-12 07:07:12'),
(281, 'Енисейск', '58.4485234', '92.1652370', '2019-12-12 07:07:12'),
(282, 'Ермолино', '55.1972714', '36.5951966', '2019-12-12 07:07:12'),
(283, 'Ершов', '51.3508407', '48.2763313', '2019-12-12 07:07:12'),
(284, 'Ессентуки', '44.0444610', '42.8589078', '2019-12-12 07:07:12'),
(285, 'Ефремов', '53.1465725', '38.0922412', '2019-12-12 07:07:12'),
(286, 'Железноводск', '44.1320689', '43.0306475', '2019-12-12 07:07:12'),
(287, 'Железногорск', '56.2529346', '93.5321670', '2019-12-12 07:07:12'),
(288, 'Железногорск', '52.3378753', '35.3516834', '2019-12-12 07:07:12'),
(289, 'Железногорск-Илимский', '56.5847382', '104.1141747', '2019-12-12 07:07:12'),
(290, 'Жердевка', '51.8421783', '41.4617407', '2019-12-12 07:07:12'),
(291, 'Жигулевск', '53.4011545', '49.4945290', '2019-12-12 07:07:12'),
(292, 'Жиздра', '53.7522384', '34.7386719', '2019-12-12 07:07:12'),
(293, 'Жирновск', '50.9767561', '44.7857694', '2019-12-12 07:07:12'),
(294, 'Жуков', '55.0301386', '36.7393279', '2019-12-12 07:07:12'),
(295, 'Жуковка', '53.5341219', '33.7302166', '2019-12-12 07:07:12'),
(296, 'Жуковский', '55.5998408', '38.1224185', '2019-12-12 07:07:12'),
(297, 'Завитинск', '50.1064678', '129.4392897', '2019-12-12 07:07:12'),
(298, 'Заводоуковск', '56.5012193', '66.5505094', '2019-12-12 07:07:12'),
(299, 'Заволжск', '57.4916546', '42.1374455', '2019-12-12 07:07:12'),
(300, 'Заволжье', '56.6404237', '43.3871565', '2019-12-12 07:07:12'),
(301, 'Задонск', '52.4004611', '38.9205772', '2019-12-12 07:07:12'),
(302, 'Заинск', '55.2988854', '52.0063634', '2019-12-12 07:07:12'),
(303, 'Закаменск', '50.3726774', '103.2867452', '2019-12-12 07:07:12'),
(304, 'Заозерный', '55.9617268', '94.7091037', '2019-12-12 07:07:12'),
(305, 'Заозерск', '69.4003895', '32.4502225', '2019-12-12 07:07:12'),
(306, 'Западная Двина', '56.2568002', '32.0805972', '2019-12-12 07:07:12'),
(307, 'Заполярный', '69.4132320', '30.7985332', '2019-12-12 07:07:12'),
(308, 'Зарайск', '54.7625993', '38.8851485', '2019-12-12 07:07:12'),
(309, 'Заречный', '53.1961009', '45.1691502', '2019-12-12 07:07:12'),
(310, 'Заречный', '56.8103345', '61.3380592', '2019-12-12 07:07:12'),
(311, 'Заринск', '53.7063495', '84.9314703', '2019-12-12 07:07:12'),
(312, 'Звенигово', '55.9739374', '48.0170276', '2019-12-12 07:07:12'),
(313, 'Звенигород', '55.7296168', '36.8552843', '2019-12-12 07:07:12'),
(314, 'Зверево', '48.0434510', '40.1264948', '2019-12-12 07:07:12'),
(315, 'Зеленогорск', '56.1133001', '94.5888736', '2019-12-12 07:07:12'),
(316, 'Зеленоградск', '54.9600226', '20.4753274', '2019-12-12 07:07:12'),
(317, 'Зеленодольск', '55.8466751', '48.5010882', '2019-12-12 07:07:12'),
(318, 'Зеленокумск', '44.4033590', '43.8841326', '2019-12-12 07:07:12'),
(319, 'Зерноград', '46.8494991', '40.3127650', '2019-12-12 07:07:12'),
(320, 'Зея', '53.7339151', '127.2658079', '2019-12-12 07:07:12'),
(321, 'Зима', '53.9206865', '102.0492066', '2019-12-12 07:07:12'),
(322, 'Златоуст', '55.1715695', '59.6726264', '2019-12-12 07:07:12'),
(323, 'Злынка', '52.4265906', '31.7360386', '2019-12-12 07:07:12'),
(324, 'Змеиногорск', '51.1580235', '82.1872476', '2019-12-12 07:07:12'),
(325, 'Знаменск', '48.5865618', '45.7367908', '2019-12-12 07:07:12'),
(326, 'Зубцов', '56.1760709', '34.5825504', '2019-12-12 07:07:12'),
(327, 'Зуевка', '58.4031674', '51.1330787', '2019-12-12 07:07:12'),
(328, 'Ивангород', '59.3765845', '28.2230504', '2019-12-12 07:07:12'),
(329, 'Иваново', '56.9994677', '40.9728231', '2019-12-12 07:07:12'),
(330, 'Ивантеевка', '55.9742303', '37.9208755', '2019-12-12 07:07:12'),
(331, 'Ивдель', '60.6944353', '60.4244661', '2019-12-12 07:07:12'),
(332, 'Игарка', '67.4667947', '86.5814287', '2019-12-12 07:07:12'),
(333, 'Ижевск', '56.8527444', '53.2113961', '2019-12-12 07:07:12'),
(334, 'Избербаш', '42.5650980', '47.8710020', '2019-12-12 07:07:12'),
(335, 'Изобильный', '45.3684342', '41.7086448', '2019-12-12 07:07:12'),
(336, 'Иланский', '56.2374163', '96.0672656', '2019-12-12 07:07:12'),
(337, 'Инза', '53.8550467', '46.3532786', '2019-12-12 07:07:12'),
(338, 'Инкерман', '44.6135153', '33.6100739', '2019-12-12 07:07:12'),
(339, 'Иннополис', '55.7521544', '48.7446161', '2019-12-12 07:07:12'),
(340, 'Инсар', '53.8770384', '44.3696866', '2019-12-12 07:07:12'),
(341, 'Инта', '66.0368196', '60.1154612', '2019-12-12 07:07:12'),
(342, 'Ипатово', '45.7181897', '42.8969695', '2019-12-12 07:07:12'),
(343, 'Ирбит', '57.6838406', '63.0576639', '2019-12-12 07:07:12'),
(344, 'Иркутск', '52.2863513', '104.2806550', '2019-12-12 07:07:12'),
(345, 'Исилькуль', '54.9096156', '71.2816107', '2019-12-12 07:07:12'),
(346, 'Искитим', '54.6266869', '83.2951444', '2019-12-12 07:07:12'),
(347, 'Истра', '55.9061087', '36.8600854', '2019-12-12 07:07:12'),
(348, 'Ишим', '56.0952037', '69.4643292', '2019-12-12 07:07:12'),
(349, 'Ишимбай', '53.4546314', '56.0438740', '2019-12-12 07:07:12'),
(350, 'Йошкар-Ола', '56.6343763', '47.8998445', '2019-12-12 07:07:12'),
(351, 'Кадников', '59.5037947', '40.3440473', '2019-12-12 07:07:12'),
(352, 'Казань', '55.7943877', '49.1115312', '2019-12-12 07:07:12'),
(353, 'Калач', '50.4241213', '41.0162858', '2019-12-12 07:07:12'),
(354, 'Калачинск', '55.0598547', '74.5655075', '2019-12-12 07:07:12'),
(355, 'Калач-на-Дону', '48.6887569', '43.5306866', '2019-12-12 07:07:12'),
(356, 'Калининград', '54.7073218', '20.5072458', '2019-12-12 07:07:12'),
(357, 'Калининск', '51.4992917', '44.4710177', '2019-12-12 07:07:12'),
(358, 'Калтан', '53.5210461', '87.2772143', '2019-12-12 07:07:12'),
(359, 'Калуга', '54.5060439', '36.2515933', '2019-12-12 07:07:12'),
(360, 'Калязин', '57.2579471', '37.7821253', '2019-12-12 07:07:12'),
(361, 'Камбарка', '56.2659745', '54.1934153', '2019-12-12 07:07:12'),
(362, 'Каменка', '53.1855474', '44.0468501', '2019-12-12 07:07:12'),
(363, 'Каменногорск', '60.9508768', '29.1308061', '2019-12-12 07:07:12'),
(364, 'Каменск-Уральский', '56.4149095', '61.9189837', '2019-12-12 07:07:12'),
(365, 'Каменск-Шахтинский', '48.3204412', '40.2688740', '2019-12-12 07:07:12'),
(366, 'Камень-на-Оби', '53.7915454', '81.3545173', '2019-12-12 07:07:12'),
(367, 'Камешково', '56.3488712', '40.9955682', '2019-12-12 07:07:12'),
(368, 'Камызяк', '46.1105429', '48.0732724', '2019-12-12 07:07:12'),
(369, 'Камышин', '50.0651261', '45.3843816', '2019-12-12 07:07:12'),
(370, 'Камышлов', '56.8465469', '62.7120432', '2019-12-12 07:07:12'),
(371, 'Канаш', '55.5069543', '47.4917734', '2019-12-12 07:07:12'),
(372, 'Кандалакша', '67.1567298', '32.4142303', '2019-12-12 07:07:12'),
(373, 'Канск', '56.2049776', '95.7051246', '2019-12-12 07:07:12'),
(374, 'Карабаново', '56.3133447', '38.7034267', '2019-12-12 07:07:12'),
(375, 'Карабаш', '55.4852076', '60.2358959', '2019-12-12 07:07:12'),
(376, 'Карабулак', '43.3054762', '44.9094521', '2019-12-12 07:07:12'),
(377, 'Карасук', '53.7343772', '78.0424570', '2019-12-12 07:07:12'),
(378, 'Карачаевск', '43.7731970', '41.9143726', '2019-12-12 07:07:12'),
(379, 'Карачев', '53.1297194', '34.9887859', '2019-12-12 07:07:12'),
(380, 'Каргат', '55.1943829', '80.2831324', '2019-12-12 07:07:12'),
(381, 'Каргополь', '61.5008762', '38.9636415', '2019-12-12 07:07:12'),
(382, 'Карпинск', '59.7664444', '60.0011798', '2019-12-12 07:07:12'),
(383, 'Карталы', '53.0536101', '60.6477120', '2019-12-12 07:07:12'),
(384, 'Касимов', '54.9373788', '41.3912912', '2019-12-12 07:07:12'),
(385, 'Касли', '55.8868045', '60.7422529', '2019-12-12 07:07:12'),
(386, 'Каспийск', '42.8916599', '47.6366674', '2019-12-12 07:07:12'),
(387, 'Катав-Ивановск', '54.7520187', '58.1983706', '2019-12-12 07:07:12'),
(388, 'Катайск', '56.2908118', '62.5800669', '2019-12-12 07:07:12'),
(389, 'Качканар', '58.7051759', '59.4840198', '2019-12-12 07:07:12'),
(390, 'Кашин', '57.3600486', '37.6118674', '2019-12-12 07:07:12'),
(391, 'Кашира', '54.8534263', '38.1903818', '2019-12-12 07:07:12'),
(392, 'Кедровый', '57.5618465', '79.5678914', '2019-12-12 07:07:12'),
(393, 'Кемерово', '55.3909721', '86.0467864', '2019-12-12 07:07:12'),
(394, 'Кемь', '64.9543657', '34.5948547', '2019-12-12 07:07:12'),
(395, 'Керчь', '45.3561128', '36.4674285', '2019-12-12 07:07:12'),
(396, 'Кизел', '59.0511764', '57.6471214', '2019-12-12 07:07:12'),
(397, 'Кизилюрт', '43.2039094', '46.8729311', '2019-12-12 07:07:12'),
(398, 'Кизляр', '43.8483915', '46.7232828', '2019-12-12 07:07:12'),
(399, 'Кимовск', '53.9698378', '38.5380267', '2019-12-12 07:07:12'),
(400, 'Кимры', '56.8733590', '37.3557064', '2019-12-12 07:07:12'),
(401, 'Кингисепп', '59.3739407', '28.6112981', '2019-12-12 07:07:12'),
(402, 'Кинель', '53.2209985', '50.6343039', '2019-12-12 07:07:12'),
(403, 'Кинешма', '57.4425441', '42.1690039', '2019-12-12 07:07:12'),
(404, 'Киреевск', '53.9321173', '37.9220791', '2019-12-12 07:07:12'),
(405, 'Киренск', '57.7757126', '108.1107766', '2019-12-12 07:07:12'),
(406, 'Киржач', '56.1485263', '38.8635035', '2019-12-12 07:07:12'),
(407, 'Кириллов', '59.8590353', '38.3749854', '2019-12-12 07:07:12'),
(408, 'Кириши', '59.4742626', '32.0625536', '2019-12-12 07:07:12'),
(409, 'Киров', '54.0790823', '34.3077508', '2019-12-12 07:07:12'),
(410, 'Киров', '58.6035313', '49.6679219', '2019-12-12 07:07:12'),
(411, 'Кировград', '57.4298451', '60.0623588', '2019-12-12 07:07:12'),
(412, 'Кирово-Чепецк', '58.5559921', '50.0317608', '2019-12-12 07:07:12'),
(413, 'Кировск', '59.8753710', '30.9815205', '2019-12-12 07:07:12'),
(414, 'Кировск', '67.6150979', '33.6637196', '2019-12-12 07:07:12'),
(415, 'Кирс', '59.3400586', '52.2415895', '2019-12-12 07:07:12'),
(416, 'Кирсанов', '52.6505940', '42.7284872', '2019-12-12 07:07:12'),
(417, 'Киселевск', '54.0060382', '86.6367387', '2019-12-12 07:07:12'),
(418, 'Кисловодск', '43.9052350', '42.7167187', '2019-12-12 07:07:12'),
(419, 'Клин', '56.3424886', '36.7240912', '2019-12-12 07:07:12'),
(420, 'Клинцы', '52.7529052', '32.2339161', '2019-12-12 07:07:12'),
(421, 'Княгинино', '55.8205157', '45.0322947', '2019-12-12 07:07:12'),
(422, 'Ковдор', '67.5661466', '30.4742082', '2019-12-12 07:07:12'),
(423, 'Ковров', '56.3553895', '41.3169568', '2019-12-12 07:07:12'),
(424, 'Ковылкино', '54.0391464', '43.9191229', '2019-12-12 07:07:12'),
(425, 'Когалым', '62.2638914', '74.4828687', '2019-12-12 07:07:12'),
(426, 'Кодинск', '58.6033961', '99.1797563', '2019-12-12 07:07:12'),
(427, 'Козельск', '54.0348417', '35.7807136', '2019-12-12 07:07:12'),
(428, 'Козловка', '55.8406526', '48.2579372', '2019-12-12 07:07:12'),
(429, 'Козьмодемьянск', '56.3333460', '46.5466282', '2019-12-12 07:07:12'),
(430, 'Кола', '68.8785079', '33.0262014', '2019-12-12 07:07:12'),
(431, 'Кологрив', '58.8269880', '44.3185323', '2019-12-12 07:07:12'),
(432, 'Коломна', '55.1027797', '38.7531734', '2019-12-12 07:07:12'),
(433, 'Колпашево', '58.3114716', '82.9027528', '2019-12-12 07:07:12'),
(434, 'Кольчугино', '56.3327616', '39.3912010', '2019-12-12 07:07:12'),
(435, 'Коммунар', '59.6215929', '30.3934660', '2019-12-12 07:07:12'),
(436, 'Комсомольск', '57.0273907', '40.3775952', '2019-12-12 07:07:12'),
(437, 'Комсомольск-на-Амуре', '50.5500110', '137.0079286', '2019-12-12 07:07:12'),
(438, 'Конаково', '56.7275533', '36.8011699', '2019-12-12 07:07:12'),
(439, 'Кондопога', '62.2059866', '34.2681778', '2019-12-12 07:07:12'),
(440, 'Кондрово', '54.7960510', '35.9276099', '2019-12-12 07:07:12'),
(441, 'Константиновск', '47.5773456', '41.0967362', '2019-12-12 07:07:12'),
(442, 'Копейск', '55.1167545', '61.6180809', '2019-12-12 07:07:12'),
(443, 'Кораблино', '53.9245422', '40.0227867', '2019-12-12 07:07:12'),
(444, 'Кореновск', '45.4640868', '39.4590178', '2019-12-12 07:07:12'),
(445, 'Коркино', '54.8903023', '61.4034541', '2019-12-12 07:07:12'),
(446, 'Королев', '55.9162558', '37.8545224', '2019-12-12 07:07:12'),
(447, 'Короча', '50.8130123', '37.1896543', '2019-12-12 07:07:12'),
(448, 'Корсаков', '46.6323995', '142.7994094', '2019-12-12 07:07:12'),
(449, 'Коряжма', '61.2885993', '47.1002315', '2019-12-12 07:07:12'),
(450, 'Костерево', '55.9336424', '39.6248220', '2019-12-12 07:07:12'),
(451, 'Костомукша', '64.5889946', '30.6015567', '2019-12-12 07:07:12'),
(452, 'Кострома', '57.8029445', '40.9907282', '2019-12-12 07:07:12'),
(453, 'Котельники', '55.6598980', '37.8632865', '2019-12-12 07:07:12'),
(454, 'Котельниково', '47.6310808', '43.1331198', '2019-12-12 07:07:12'),
(455, 'Котельнич', '58.3035238', '48.3474288', '2019-12-12 07:07:12'),
(456, 'Котлас', '61.2529842', '46.6331915', '2019-12-12 07:07:12'),
(457, 'Котово', '50.3205433', '44.8031864', '2019-12-12 07:07:12'),
(458, 'Котовск', '52.5923930', '41.5102486', '2019-12-12 07:07:12'),
(459, 'Кохма', '56.9325151', '41.0933071', '2019-12-12 07:07:12'),
(460, 'Красавино', '60.9613991', '46.4814650', '2019-12-12 07:07:12'),
(461, 'Красноармейск', '51.0268595', '45.7011086', '2019-12-12 07:07:12'),
(462, 'Красноармейск', '51.0236026', '45.6951410', '2019-12-12 07:07:12'),
(463, 'Красновишерск', '60.3902242', '57.0537244', '2019-12-12 07:07:12'),
(464, 'Красногорск', '55.8318475', '37.3294200', '2019-12-12 07:07:12'),
(465, 'Краснодар', '45.0402350', '38.9760801', '2019-12-12 07:07:12'),
(466, 'Краснозаводск', '56.4408723', '38.2320671', '2019-12-12 07:07:12'),
(467, 'Краснознаменск', '54.9452612', '22.4928511', '2019-12-12 07:07:12'),
(468, 'Краснознаменск', '55.5978962', '37.0395137', '2019-12-12 07:07:12'),
(469, 'Краснокаменск', '50.0928580', '118.0323407', '2019-12-12 07:07:12'),
(470, 'Краснокамск', '58.0820946', '55.7479797', '2019-12-12 07:07:12'),
(471, 'Красноперекопск', '45.9537956', '33.7921523', '2019-12-12 07:07:12'),
(472, 'Краснослободск', '48.7068777', '44.5631799', '2019-12-12 07:07:12'),
(473, 'Краснослободск', '54.4248634', '43.7845096', '2019-12-12 07:07:12'),
(474, 'Краснотурьинск', '59.7636934', '60.1934451', '2019-12-12 07:07:12'),
(475, 'Красноуральск', '58.3486334', '60.0409011', '2019-12-12 07:07:12'),
(476, 'Красноуфимск', '56.6122864', '57.7636958', '2019-12-12 07:07:12'),
(477, 'Красноярск', '56.0094660', '92.8524162', '2019-12-12 07:07:12'),
(478, 'Красный Кут', '50.9596867', '46.9712472', '2019-12-12 07:07:12'),
(479, 'Красный Сулин', '47.8830826', '40.0781385', '2019-12-12 07:07:12'),
(480, 'Красный Холм', '58.0570193', '37.1125975', '2019-12-12 07:07:12'),
(481, 'Кременки', '54.8863306', '37.1168780', '2019-12-12 07:07:12'),
(482, 'Кропоткин', '45.4332464', '40.5727852', '2019-12-12 07:07:12'),
(483, 'Крымск', '44.9344108', '37.9855314', '2019-12-12 07:07:12'),
(484, 'Кстово', '56.1433353', '44.1665081', '2019-12-12 07:07:12'),
(485, 'Кубинка', '55.5755679', '36.6952487', '2019-12-12 07:07:12'),
(486, 'Кувандык', '51.4784845', '57.3612029', '2019-12-12 07:07:12'),
(487, 'Кувшиново', '57.0263733', '34.1676435', '2019-12-12 07:07:12'),
(488, 'Кудымкар', '59.0168605', '54.6573459', '2019-12-12 07:07:12'),
(489, 'Кузнецк', '53.1131686', '46.6052497', '2019-12-12 07:07:12'),
(490, 'Куйбышев', '55.4684104', '78.3241042', '2019-12-12 07:07:12'),
(491, 'Кулебаки', '55.4297160', '42.5124830', '2019-12-12 07:07:12'),
(492, 'Кумертау', '52.7565537', '55.7969915', '2019-12-12 07:07:12'),
(493, 'Кунгур', '57.4283217', '56.9437787', '2019-12-12 07:07:12'),
(494, 'Купино', '54.3660317', '77.2972969', '2019-12-12 07:07:12'),
(495, 'Курган', '55.4443448', '65.3161339', '2019-12-12 07:07:12'),
(496, 'Курганинск', '44.8876442', '40.5913858', '2019-12-12 07:07:12'),
(497, 'Курильск', '45.2271915', '147.8796713', '2019-12-12 07:07:12'),
(498, 'Курлово', '55.4525994', '40.6124362', '2019-12-12 07:07:12'),
(499, 'Куровское', '55.5791491', '38.9208543', '2019-12-12 07:07:12'),
(500, 'Курск', '51.7303391', '36.1926448', '2019-12-12 07:07:12'),
(501, 'Куртамыш', '54.9368491', '64.4203009', '2019-12-12 07:07:12'),
(502, 'Курчатов', '51.6605475', '35.6571711', '2019-12-12 07:07:12'),
(503, 'Куса', '55.3385156', '59.4386474', '2019-12-12 07:07:12'),
(504, 'Кушва', '58.2825406', '59.7646113', '2019-12-12 07:07:12'),
(505, 'Кызыл', '51.7191542', '94.4377234', '2019-12-12 07:07:12'),
(506, 'Кыштым', '55.7060048', '60.5563271', '2019-12-12 07:07:12'),
(507, 'Кяхта', '50.3466291', '106.4534938', '2019-12-12 07:07:12'),
(508, 'Лабинск', '44.6353153', '40.7243850', '2019-12-12 07:07:12'),
(509, 'Лабытнанги', '66.6592376', '66.3882628', '2019-12-12 07:07:12'),
(510, 'Лагань', '45.3929617', '47.3432943', '2019-12-12 07:07:12'),
(511, 'Ладушкин', '54.5693538', '20.1691909', '2019-12-12 07:07:12'),
(512, 'Лаишево', '55.4042646', '49.5498201', '2019-12-12 07:07:12'),
(513, 'Лакинск', '56.0180614', '39.9564706', '2019-12-12 07:07:12'),
(514, 'Лангепас', '61.2536667', '75.1807905', '2019-12-12 07:07:12'),
(515, 'Лахденпохья', '61.5189466', '30.1995920', '2019-12-12 07:07:12'),
(516, 'Лебедянь', '53.0156678', '39.1434980', '2019-12-12 07:07:12'),
(517, 'Лениногорск', '54.5966917', '52.4432118', '2019-12-12 07:07:12'),
(518, 'Ленинск', '48.6936234', '45.1992835', '2019-12-12 07:07:12'),
(519, 'Ленинск-Кузнецкий', '54.6674092', '86.1796724', '2019-12-12 07:07:12'),
(520, 'Ленск', '60.7276036', '114.9549103', '2019-12-12 07:07:12'),
(521, 'Лермонтов', '44.1052526', '42.9731433', '2019-12-12 07:07:12'),
(522, 'Лесной', '58.6349810', '59.7980528', '2019-12-12 07:07:12'),
(523, 'Лесозаводск', '45.4780192', '133.4185501', '2019-12-12 07:07:12'),
(524, 'Лесосибирск', '58.2218201', '92.5036986', '2019-12-12 07:07:12'),
(525, 'Ливны', '52.4285122', '37.6039440', '2019-12-12 07:07:12'),
(526, 'Ликино-Дулево', '55.7078531', '38.9577103', '2019-12-12 07:07:12'),
(527, 'Липецк', '52.6103027', '39.5946266', '2019-12-12 07:07:12'),
(528, 'Липки', '53.9418109', '37.7019452', '2019-12-12 07:07:12'),
(529, 'Лиски', '50.9944734', '39.5183020', '2019-12-12 07:07:12'),
(530, 'Лихославль', '57.1222560', '35.4667886', '2019-12-12 07:07:12'),
(531, 'Лобня', '56.0328745', '37.4614671', '2019-12-12 07:07:12'),
(532, 'Лодейное Поле', '60.7320564', '33.5522225', '2019-12-12 07:07:12'),
(533, 'Лосино-Петровский', '55.8714441', '38.2005377', '2019-12-12 07:07:12'),
(534, 'Луга', '58.7373818', '29.8466657', '2019-12-12 07:07:12'),
(535, 'Луза', '60.6290781', '47.2612069', '2019-12-12 07:07:12'),
(536, 'Лукоянов', '55.0327349', '44.4933829', '2019-12-12 07:07:12'),
(537, 'Луховицы', '54.9651617', '39.0261346', '2019-12-12 07:07:12'),
(538, 'Лысково', '56.0262298', '45.0356702', '2019-12-12 07:07:12'),
(539, 'Лысьва', '58.0995987', '57.8085728', '2019-12-12 07:07:12'),
(540, 'Лыткарино', '55.5778065', '37.9034952', '2019-12-12 07:07:12'),
(541, 'Льгов', '51.6596935', '35.2611592', '2019-12-12 07:07:12'),
(542, 'Любань', '59.3492573', '31.2485276', '2019-12-12 07:07:12'),
(543, 'Люберцы', '55.7004160', '37.9606496', '2019-12-12 07:07:12'),
(544, 'Любим', '58.3619868', '40.6869581', '2019-12-12 07:07:12'),
(545, 'Людиново', '53.8701406', '34.4385498', '2019-12-12 07:07:12'),
(546, 'Лянтор', '61.6391639', '72.1793828', '2019-12-12 07:07:12'),
(547, 'Магадан', '59.5681763', '150.8085289', '2019-12-12 07:07:12'),
(548, 'Магас', '43.1686967', '44.8130849', '2019-12-12 07:07:12'),
(549, 'Магнитогорск', '53.4071891', '58.9791432', '2019-12-12 07:07:12'),
(550, 'Майкоп', '44.6098268', '40.1006527', '2019-12-12 07:07:12'),
(551, 'Майский', '43.6281779', '44.0516663', '2019-12-12 07:07:12'),
(552, 'Макаров', '48.6236287', '142.7803508', '2019-12-12 07:07:12'),
(553, 'Макарьев', '57.8808916', '43.8014428', '2019-12-12 07:07:12'),
(554, 'Макушино', '55.2154025', '67.2452558', '2019-12-12 07:07:12'),
(555, 'Малая Вишера', '58.8458076', '32.2247984', '2019-12-12 07:07:12'),
(556, 'Малгобек', '43.5097009', '44.5901517', '2019-12-12 07:07:12'),
(557, 'Малмыж', '56.5243722', '50.6782757', '2019-12-12 07:07:12'),
(558, 'Малоархангельск', '52.4001151', '36.5037931', '2019-12-12 07:07:12'),
(559, 'Малоярославец', '55.0176756', '36.4632122', '2019-12-12 07:07:12'),
(560, 'Мамадыш', '55.7149876', '51.4128614', '2019-12-12 07:07:12'),
(561, 'Мамоново', '54.4645591', '19.9454114', '2019-12-12 07:07:12'),
(562, 'Мантурово', '58.3264667', '44.7575036', '2019-12-12 07:07:12'),
(563, 'Мариинск', '56.2127836', '87.7454392', '2019-12-12 07:07:12'),
(564, 'Мариинский Посад', '56.1119680', '47.7142676', '2019-12-12 07:07:12'),
(565, 'Маркс', '51.7133973', '46.7400684', '2019-12-12 07:07:12'),
(566, 'Махачкала', '42.9848572', '47.5046303', '2019-12-12 07:07:12'),
(567, 'Мглин', '53.0600644', '32.8467217', '2019-12-12 07:07:12'),
(568, 'Мегион', '61.0318946', '76.1024772', '2019-12-12 07:07:12'),
(569, 'Медвежьегорск', '62.9127678', '34.4567614', '2019-12-12 07:07:12'),
(570, 'Медногорск', '51.4039421', '57.5832185', '2019-12-12 07:07:12'),
(571, 'Медынь', '54.9690755', '35.8873130', '2019-12-12 07:07:12'),
(572, 'Межгорье', '54.2396830', '57.9614600', '2019-12-12 07:07:12'),
(573, 'Междуреченск', '53.6865695', '88.0703888', '2019-12-12 07:07:12'),
(574, 'Мезень', '65.8398386', '44.2531865', '2019-12-12 07:07:12'),
(575, 'Меленки', '55.3387017', '41.6341240', '2019-12-12 07:07:12'),
(576, 'Мелеуз', '52.9590637', '55.9283483', '2019-12-12 07:07:12'),
(577, 'Менделеевск', '55.8950646', '52.3144177', '2019-12-12 07:07:12'),
(578, 'Мензелинск', '55.7270908', '53.1005321', '2019-12-12 07:07:12'),
(579, 'Мещовск', '54.3191127', '35.2816065', '2019-12-12 07:07:12'),
(580, 'Миасс', '55.0455774', '60.1077757', '2019-12-12 07:07:12'),
(581, 'Микунь', '62.3580188', '50.0719738', '2019-12-12 07:07:12'),
(582, 'Миллерово', '48.9258210', '40.3983302', '2019-12-12 07:07:12'),
(583, 'Минеральные Воды', '44.2088942', '43.1383482', '2019-12-12 07:07:12'),
(584, 'Минусинск', '53.7105509', '91.6871866', '2019-12-12 07:07:12'),
(585, 'Миньяр', '55.0709601', '57.5484435', '2019-12-12 07:07:12'),
(586, 'Мирный', '62.7644267', '40.3359976', '2019-12-12 07:07:12'),
(587, 'Мирный', '62.5362511', '113.9668146', '2019-12-12 07:07:12'),
(588, 'Михайлов', '54.2296493', '39.0090857', '2019-12-12 07:07:12'),
(589, 'Михайловка', '50.0708749', '43.2400847', '2019-12-12 07:07:12'),
(590, 'Михайловск', '56.4369736', '59.1138650', '2019-12-12 07:07:12'),
(591, 'Михайловск', '45.1296297', '42.0287870', '2019-12-12 07:07:12'),
(592, 'Мичуринск', '52.8912940', '40.5104750', '2019-12-12 07:07:12'),
(593, 'Могоча', '53.7362465', '119.7661232', '2019-12-12 07:07:12'),
(594, 'Можайск', '55.5069819', '36.0240724', '2019-12-12 07:07:12'),
(595, 'Можга', '56.4427219', '52.2138882', '2019-12-12 07:07:12'),
(596, 'Моздок', '43.7471209', '44.6571456', '2019-12-12 07:07:12'),
(597, 'Мончегорск', '67.9385206', '32.9358886', '2019-12-12 07:07:12'),
(598, 'Морозовск', '48.3511724', '41.8308006', '2019-12-12 07:07:12'),
(599, 'Моршанск', '53.4436469', '41.8115687', '2019-12-12 07:07:12'),
(600, 'Мосальск', '54.4825589', '34.9872060', '2019-12-12 07:07:12'),
(601, 'Муравленко', '63.7941880', '74.4949130', '2019-12-12 07:07:12'),
(602, 'Мураши', '59.3956347', '48.9637651', '2019-12-12 07:07:12'),
(603, 'Мурманск', '69.0076958', '33.0686019', '2019-12-12 07:07:12'),
(604, 'Муром', '55.5632276', '42.0230060', '2019-12-12 07:07:12'),
(605, 'Мценск', '53.2790021', '36.5749920', '2019-12-12 07:07:12'),
(606, 'Мыски', '53.7125516', '87.8056657', '2019-12-12 07:07:12'),
(607, 'Мытищи', '55.9104647', '37.7363702', '2019-12-12 07:07:12'),
(608, 'Мышкин', '57.7881664', '38.4542816', '2019-12-12 07:07:12'),
(609, 'Набережные Челны', '55.7436475', '52.3958739', '2019-12-12 07:07:12'),
(610, 'Навашино', '55.5439105', '42.1887734', '2019-12-12 07:07:12'),
(611, 'Наволоки', '57.4678426', '41.9607371', '2019-12-12 07:07:12'),
(612, 'Надым', '65.5377514', '72.5182746', '2019-12-12 07:07:12'),
(613, 'Назарово', '56.0113176', '90.4167947', '2019-12-12 07:07:12'),
(614, 'Назрань', '43.2257977', '44.7646850', '2019-12-12 07:07:12'),
(615, 'Называевск', '55.5688811', '71.3502572', '2019-12-12 07:07:12'),
(616, 'Нальчик', '43.4846312', '43.6070316', '2019-12-12 07:07:12'),
(617, 'Нариманов', '46.6916597', '47.8501624', '2019-12-12 07:07:12'),
(618, 'Наро-Фоминск', '55.3802749', '36.7608038', '2019-12-12 07:07:12'),
(619, 'Нарткала', '43.5577208', '43.8576411', '2019-12-12 07:07:12'),
(620, 'Нарьян-Мар', '67.6381525', '53.0069336', '2019-12-12 07:07:12'),
(621, 'Находка', '42.8240404', '132.8927812', '2019-12-12 07:07:12'),
(622, 'Невель', '56.0201544', '29.9240505', '2019-12-12 07:07:12'),
(623, 'Невельск', '46.6527314', '141.8631741', '2019-12-12 07:07:12'),
(624, 'Невинномысск', '44.6227404', '41.9476147', '2019-12-12 07:07:12'),
(625, 'Невьянск', '57.4912330', '60.2181839', '2019-12-12 07:07:12'),
(626, 'Нелидово', '56.2232417', '32.7766656', '2019-12-12 07:07:12'),
(627, 'Неман', '55.0315543', '22.0323961', '2019-12-12 07:07:12'),
(628, 'Нерехта', '57.4543706', '40.5725438', '2019-12-12 07:07:12'),
(629, 'Нерчинск', '51.9595512', '116.5854018', '2019-12-12 07:07:12'),
(630, 'Нерюнгри', '56.6600322', '124.7203100', '2019-12-12 07:07:12'),
(631, 'Нестеров', '54.6314454', '22.5713658', '2019-12-12 07:07:12'),
(632, 'Нефтегорск', '52.7972590', '51.1637126', '2019-12-12 07:07:12'),
(633, 'Нефтекамск', '56.0883075', '54.2483391', '2019-12-12 07:07:12'),
(634, 'Нефтекумск', '44.7544866', '44.9865041', '2019-12-12 07:07:12'),
(635, 'Нефтеюганск', '61.0882837', '72.6164185', '2019-12-12 07:07:12'),
(636, 'Нея', '58.2944499', '43.8780965', '2019-12-12 07:07:12'),
(637, 'Нижневартовск', '60.9397379', '76.5696206', '2019-12-12 07:07:12'),
(638, 'Нижнекамск', '55.6311963', '51.8144070', '2019-12-12 07:07:12'),
(639, 'Нижнеудинск', '54.8969105', '99.0313481', '2019-12-12 07:07:12'),
(640, 'Нижние Серги', '56.6544606', '59.2952291', '2019-12-12 07:07:12'),
(641, 'Нижний Ломов', '53.5301274', '43.6729216', '2019-12-12 07:07:12'),
(642, 'Нижний Новгород', '56.3242093', '44.0053948', '2019-12-12 07:07:12'),
(643, 'Нижний Тагил', '57.9101038', '59.9813242', '2019-12-12 07:07:12'),
(644, 'Нижняя Салда', '58.0749243', '60.7026555', '2019-12-12 07:07:12'),
(645, 'Нижняя Тура', '58.6310942', '59.8521265', '2019-12-12 07:07:12'),
(646, 'Николаевск', '50.0166952', '45.4733204', '2019-12-12 07:07:12'),
(647, 'Николаевск-на-Амуре', '53.1461943', '140.7109642', '2019-12-12 07:07:12'),
(648, 'Никольск', '59.5350162', '45.4575468', '2019-12-12 07:07:12'),
(649, 'Никольск', '53.7138397', '46.0799620', '2019-12-12 07:07:12'),
(650, 'Никольское', '59.7042633', '30.7874879', '2019-12-12 07:07:12'),
(651, 'Новая Ладога', '60.1100013', '32.3141446', '2019-12-12 07:07:12'),
(652, 'Новая Ляля', '59.0539610', '60.5945405', '2019-12-12 07:07:12'),
(653, 'Новоалександровск', '45.4933561', '41.2154482', '2019-12-12 07:07:12'),
(654, 'Новоалтайск', '53.4120811', '83.9311249', '2019-12-12 07:07:12'),
(655, 'Новоаннинский', '50.5296873', '42.6666038', '2019-12-12 07:07:12'),
(656, 'Нововоронеж', '51.3092463', '39.2162865', '2019-12-12 07:07:12'),
(657, 'Новодвинск', '64.4136023', '40.8208003', '2019-12-12 07:07:12'),
(658, 'Новозыбков', '52.5371426', '31.9356826', '2019-12-12 07:07:12'),
(659, 'Новокубанск', '45.1038782', '41.0473679', '2019-12-12 07:07:12'),
(660, 'Новокузнецк', '53.7942757', '87.2144046', '2019-12-12 07:07:12'),
(661, 'Новокуйбышевск', '53.0995303', '49.9477662', '2019-12-12 07:07:12'),
(662, 'Новомичуринск', '54.0377979', '39.7467023', '2019-12-12 07:07:12'),
(663, 'Новомосковск', '54.0109754', '38.2915652', '2019-12-12 07:07:12'),
(664, 'Новопавловск', '43.9617565', '43.6342855', '2019-12-12 07:07:12'),
(665, 'Новоржев', '57.0298332', '29.3433330', '2019-12-12 07:07:12'),
(666, 'Новороссийск', '44.7234264', '37.7687218', '2019-12-12 07:07:12'),
(667, 'Новосибирск', '55.0281016', '82.9210575', '2019-12-12 07:07:12'),
(668, 'Новосиль', '52.9747225', '37.0438402', '2019-12-12 07:07:12'),
(669, 'Новосокольники', '56.3407627', '30.1527712', '2019-12-12 07:07:12'),
(670, 'Новотроицк', '51.1965071', '58.3017455', '2019-12-12 07:07:12'),
(671, 'Новоузенск', '50.4551744', '48.1412622', '2019-12-12 07:07:12'),
(672, 'Новоульяновск', '54.1447691', '48.3911701', '2019-12-12 07:07:12'),
(673, 'Новоуральск', '57.2471507', '60.0957010', '2019-12-12 07:07:12'),
(674, 'Новохоперск', '51.0953461', '41.6173714', '2019-12-12 07:07:12'),
(675, 'Новочебоксарск', '56.1094860', '47.4791429', '2019-12-12 07:07:12'),
(676, 'Новочеркасск', '47.4119248', '40.1042066', '2019-12-12 07:07:12'),
(677, 'Новошахтинск', '47.7576522', '39.9364709', '2019-12-12 07:07:12'),
(678, 'Новый Оскол', '50.7635162', '37.8774026', '2019-12-12 07:07:12'),
(679, 'Новый Уренгой', '66.0840036', '76.6810032', '2019-12-12 07:07:12'),
(680, 'Ногинск', '55.8686239', '38.4621635', '2019-12-12 07:07:12'),
(681, 'Нолинск', '57.5596946', '49.9357867', '2019-12-12 07:07:12'),
(682, 'Норильск', '69.3490828', '88.2009965', '2019-12-12 07:07:12'),
(683, 'Ноябрьск', '63.2018460', '75.4509665', '2019-12-12 07:07:12'),
(684, 'Нурлат', '54.4281578', '50.8050431', '2019-12-12 07:07:12'),
(685, 'Нытва', '57.9337429', '55.3357261', '2019-12-12 07:07:12'),
(686, 'Нюрба', '63.2828775', '118.3243250', '2019-12-12 07:07:12'),
(687, 'Нягань', '62.1454839', '65.3944361', '2019-12-12 07:07:12'),
(688, 'Нязепетровск', '56.0537199', '59.6096791', '2019-12-12 07:07:12'),
(689, 'Няндома', '61.6653735', '40.2061699', '2019-12-12 07:07:12'),
(690, 'Облучье', '49.0188344', '131.0539984', '2019-12-12 07:07:12'),
(691, 'Обнинск', '55.0943892', '36.6121785', '2019-12-12 07:07:12'),
(692, 'Обоянь', '51.2120120', '36.2754250', '2019-12-12 07:07:12'),
(693, 'Обь', '54.9945882', '82.6937925', '2019-12-12 07:07:12'),
(694, 'Одинцово', '55.6789292', '37.2636389', '2019-12-12 07:07:12'),
(695, 'Озерск', '54.4084804', '22.0135080', '2019-12-12 07:07:12'),
(696, 'Озерск', '55.7631922', '60.7076337', '2019-12-12 07:07:12'),
(697, 'Озеры', '54.8539944', '38.5598700', '2019-12-12 07:07:12'),
(698, 'Октябрьск', '53.1640886', '48.6707463', '2019-12-12 07:07:12'),
(699, 'Октябрьский', '54.4815344', '53.4656611', '2019-12-12 07:07:12'),
(700, 'Окуловка', '58.3908717', '33.2902474', '2019-12-12 07:07:12'),
(701, 'Олекминск', '60.3758203', '120.4060130', '2019-12-12 07:07:12'),
(702, 'Оленегорск', '68.1422068', '33.2670094', '2019-12-12 07:07:12'),
(703, 'Олонец', '60.9793604', '32.9726031', '2019-12-12 07:07:12'),
(704, 'Омск', '54.9848136', '73.3674638', '2019-12-12 07:07:12'),
(705, 'Омутнинск', '58.6697684', '52.1893554', '2019-12-12 07:07:12'),
(706, 'Онега', '63.9163966', '38.0805749', '2019-12-12 07:07:12'),
(707, 'Опочка', '56.7107956', '28.6717455', '2019-12-12 07:07:12'),
(708, 'Орёл', '52.9672573', '36.0696479', '2019-12-12 07:07:12'),
(709, 'Оренбург', '51.7875191', '55.1017379', '2019-12-12 07:07:12'),
(710, 'Орехово-Зуево', '55.8151729', '38.9870711', '2019-12-12 07:07:12'),
(711, 'Орлов', '58.5389402', '48.8929268', '2019-12-12 07:07:12'),
(712, 'Орск', '51.2293069', '58.4751889', '2019-12-12 07:07:12'),
(713, 'Оса', '57.2889992', '55.4688982', '2019-12-12 07:07:12'),
(714, 'Осинники', '53.5987397', '87.3369948', '2019-12-12 07:07:12'),
(715, 'Осташков', '57.1457205', '33.1116707', '2019-12-12 07:07:12'),
(716, 'Остров', '57.3452408', '28.3437107', '2019-12-12 07:07:12'),
(717, 'Островной', '68.0509133', '39.5076034', '2019-12-12 07:07:12'),
(718, 'Острогожск', '50.8678083', '39.0406398', '2019-12-12 07:07:12'),
(719, 'Отрадное', '59.7725960', '30.7988403', '2019-12-12 07:07:12'),
(720, 'Отрадный', '53.3800609', '51.3438695', '2019-12-12 07:07:12'),
(721, 'Оха', '53.5868238', '142.9412210', '2019-12-12 07:07:12'),
(722, 'Оханск', '57.7178946', '55.3871530', '2019-12-12 07:07:12'),
(723, 'Очер', '57.8851991', '54.7161756', '2019-12-12 07:07:12'),
(724, 'Павлово', '55.9797995', '43.0996232', '2019-12-12 07:07:12'),
(725, 'Павловск', '50.4533684', '40.1369087', '2019-12-12 07:07:12'),
(726, 'Павловский Посад', '55.7806718', '38.6596047', '2019-12-12 07:07:12'),
(727, 'Палласовка', '50.0501422', '46.8803355', '2019-12-12 07:07:12'),
(728, 'Партизанск', '43.1279833', '133.1264754', '2019-12-12 07:07:12'),
(729, 'Певек', '69.7018051', '170.2999194', '2019-12-12 07:07:12'),
(730, 'Пенза', '53.1753884', '45.0347408', '2019-12-12 07:07:12');
INSERT INTO `city` (`id`, `name`, `lat`, `long`, `dt_add`) VALUES
(731, 'Первомайск', '54.8676182', '43.8012829', '2019-12-12 07:07:12'),
(732, 'Первоуральск', '56.9081665', '59.9429205', '2019-12-12 07:07:12'),
(733, 'Перевоз', '55.5969040', '44.5450268', '2019-12-12 07:07:12'),
(734, 'Пересвет', '56.4158828', '38.1733567', '2019-12-12 07:07:12'),
(735, 'Переславль-Залесский', '56.7360435', '38.8543064', '2019-12-12 07:07:12'),
(736, 'Пермь', '58.0103211', '56.2341778', '2019-12-12 07:07:12'),
(737, 'Пестово', '58.5973944', '35.8144523', '2019-12-12 07:07:12'),
(738, 'Петров Вал', '50.1380355', '45.2091455', '2019-12-12 07:07:12'),
(739, 'Петровск', '52.3093782', '45.3851649', '2019-12-12 07:07:12'),
(740, 'Петровск-Забайкальский', '51.2748381', '108.8467139', '2019-12-12 07:07:12'),
(741, 'Петрозаводск', '61.7890900', '34.3596263', '2019-12-12 07:07:12'),
(742, 'Петропавловск-Камчатский', '53.0370213', '158.6559142', '2019-12-12 07:07:12'),
(743, 'Петухово', '55.0649932', '67.8874369', '2019-12-12 07:07:12'),
(744, 'Петушки', '55.9297657', '39.4507913', '2019-12-12 07:07:12'),
(745, 'Печора', '65.1485717', '57.2238800', '2019-12-12 07:07:12'),
(746, 'Печоры', '57.8146689', '27.6222823', '2019-12-12 07:07:12'),
(747, 'Пикалево', '59.5130655', '34.1773982', '2019-12-12 07:07:12'),
(748, 'Пионерский', '54.9516927', '20.2276970', '2019-12-12 07:07:12'),
(749, 'Питкяранта', '61.5756886', '31.4641309', '2019-12-12 07:07:12'),
(750, 'Плавск', '53.7095993', '37.2863144', '2019-12-12 07:07:12'),
(751, 'Пласт', '54.3691832', '60.8152305', '2019-12-12 07:07:12'),
(752, 'Плес', '57.4605304', '41.5123010', '2019-12-12 07:07:12'),
(753, 'Поворино', '51.1953446', '42.2472432', '2019-12-12 07:07:12'),
(754, 'Подольск', '55.4389588', '37.5702700', '2019-12-12 07:07:12'),
(755, 'Подпорожье', '60.9127463', '34.1567832', '2019-12-12 07:07:12'),
(756, 'Покачи', '61.7421977', '75.5942069', '2019-12-12 07:07:12'),
(757, 'Покров', '55.9167118', '39.1733641', '2019-12-12 07:07:12'),
(758, 'Покровск', '61.4843538', '129.1482195', '2019-12-12 07:07:12'),
(759, 'Полевской', '56.4958085', '60.2366314', '2019-12-12 07:07:12'),
(760, 'Полесск', '54.8626321', '21.0998148', '2019-12-12 07:07:12'),
(761, 'Полысаево', '54.6053968', '86.2808803', '2019-12-12 07:07:12'),
(762, 'Полярные Зори', '67.3730192', '32.4975410', '2019-12-12 07:07:12'),
(763, 'Полярный', '69.1988373', '33.4509985', '2019-12-12 07:07:12'),
(764, 'Поронайск', '49.2387983', '143.1007104', '2019-12-12 07:07:12'),
(765, 'Порхов', '57.7764223', '29.5436424', '2019-12-12 07:07:12'),
(766, 'Похвистнево', '53.6498197', '52.1235517', '2019-12-12 07:07:12'),
(767, 'Почеп', '52.9154724', '33.4744608', '2019-12-12 07:07:12'),
(768, 'Починок', '54.4063031', '32.4397914', '2019-12-12 07:07:12'),
(769, 'Пошехонье', '58.5063280', '39.1210034', '2019-12-12 07:07:12'),
(770, 'Правдинск', '54.4430604', '21.0083638', '2019-12-12 07:07:12'),
(771, 'Приволжск', '57.3807249', '41.2809239', '2019-12-12 07:07:12'),
(772, 'Приморск', '54.7311185', '19.9983108', '2019-12-12 07:07:12'),
(773, 'Приморск', '60.3660787', '28.6135962', '2019-12-12 07:07:12'),
(774, 'Приморско-Ахтарск', '46.0515000', '38.1704654', '2019-12-12 07:07:12'),
(775, 'Приозерск', '61.0331300', '30.1587600', '2019-12-12 07:07:12'),
(776, 'Прокопьевск', '53.8604562', '86.7183428', '2019-12-12 07:07:12'),
(777, 'Пролетарск', '46.7038968', '41.7274533', '2019-12-12 07:07:12'),
(778, 'Протвино', '54.8706614', '37.2183307', '2019-12-12 07:07:12'),
(779, 'Прохладный', '43.7589521', '44.0101936', '2019-12-12 07:07:12'),
(780, 'Псков', '57.8192840', '28.3318188', '2019-12-12 07:07:12'),
(781, 'Пугачев', '52.0158464', '48.7972652', '2019-12-12 07:07:12'),
(782, 'Пудож', '61.8059147', '36.5330088', '2019-12-12 07:07:12'),
(783, 'Пустошка', '56.3375131', '29.3668243', '2019-12-12 07:07:12'),
(784, 'Пучеж', '56.9820750', '43.1683878', '2019-12-12 07:07:12'),
(785, 'Пушкино', '56.0104548', '37.8471438', '2019-12-12 07:07:12'),
(786, 'Пущино', '54.8325210', '37.6210428', '2019-12-12 07:07:12'),
(787, 'Пыталово', '57.0637109', '27.9234759', '2019-12-12 07:07:12'),
(788, 'Пыть-Ях', '60.7585769', '72.8366445', '2019-12-12 07:07:12'),
(789, 'Пятигорск', '44.0411669', '43.0661091', '2019-12-12 07:07:12'),
(790, 'Радужный', '55.9961034', '40.3323247', '2019-12-12 07:07:12'),
(791, 'Радужный', '62.1343067', '77.4584346', '2019-12-12 07:07:12'),
(792, 'Райчихинск', '49.7941882', '129.4112149', '2019-12-12 07:07:12'),
(793, 'Раменское', '55.5495290', '38.2730150', '2019-12-12 07:07:12'),
(794, 'Рассказово', '52.6537517', '41.8743779', '2019-12-12 07:07:12'),
(795, 'Ревда', '56.7986900', '59.9071464', '2019-12-12 07:07:12'),
(796, 'Реж', '57.3717914', '61.3833223', '2019-12-12 07:07:12'),
(797, 'Реутов', '55.7582360', '37.8619443', '2019-12-12 07:07:12'),
(798, 'Ржев', '56.2629393', '34.3291178', '2019-12-12 07:07:12'),
(799, 'Родники', '57.1024137', '41.7298908', '2019-12-12 07:07:12'),
(800, 'Рославль', '53.9449601', '32.8479617', '2019-12-12 07:07:12'),
(801, 'Россошь', '50.1700890', '39.6225534', '2019-12-12 07:07:12'),
(802, 'Ростов', '57.2050177', '39.4378357', '2019-12-12 07:07:12'),
(803, 'Ростов-на-Дону', '47.2224364', '39.7187866', '2019-12-12 07:07:12'),
(804, 'Рошаль', '55.6632504', '39.8655434', '2019-12-12 07:07:12'),
(805, 'Ртищево', '52.2616298', '43.7842399', '2019-12-12 07:07:12'),
(806, 'Рубцовск', '51.5013075', '81.2077729', '2019-12-12 07:07:12'),
(807, 'Рудня', '54.9441357', '31.0794758', '2019-12-12 07:07:12'),
(808, 'Руза', '55.7015302', '36.1960043', '2019-12-12 07:07:12'),
(809, 'Рузаевка', '54.0583238', '44.9491160', '2019-12-12 07:07:12'),
(810, 'Рыбинск', '58.0483802', '38.8583380', '2019-12-12 07:07:12'),
(811, 'Рыбное', '54.7255937', '39.5134380', '2019-12-12 07:07:12'),
(812, 'Рыльск', '51.5681650', '34.6802178', '2019-12-12 07:07:12'),
(813, 'Ряжск', '53.7067718', '40.0521358', '2019-12-12 07:07:12'),
(814, 'Рязань', '54.6254570', '39.7359992', '2019-12-12 07:07:12'),
(815, 'Саки', '45.1342889', '33.6032508', '2019-12-12 07:07:12'),
(816, 'Салават', '53.3616311', '55.9245559', '2019-12-12 07:07:12'),
(817, 'Салаир', '54.2351588', '85.8029215', '2019-12-12 07:07:12'),
(818, 'Салехард', '66.5493568', '66.6083994', '2019-12-12 07:07:12'),
(819, 'Сальск', '46.4751689', '41.5412229', '2019-12-12 07:07:12'),
(820, 'Самара', '53.1951657', '50.1067691', '2019-12-12 07:07:12'),
(821, 'Саранск', '54.1807601', '45.1862263', '2019-12-12 07:07:12'),
(822, 'Сарапул', '56.4616117', '53.8036967', '2019-12-12 07:07:12'),
(823, 'Саратов', '51.5303760', '45.9530257', '2019-12-12 07:07:12'),
(824, 'Саров', '54.9227002', '43.3447792', '2019-12-12 07:07:12'),
(825, 'Сасово', '54.3508070', '41.9117458', '2019-12-12 07:07:12'),
(826, 'Сатка', '55.0404497', '59.0288153', '2019-12-12 07:07:12'),
(827, 'Сафоново', '55.1199868', '33.2337990', '2019-12-12 07:07:12'),
(828, 'Саяногорск', '53.1008226', '91.4121643', '2019-12-12 07:07:12'),
(829, 'Саянск', '54.1107787', '102.1802563', '2019-12-12 07:07:12'),
(830, 'Светлогорск', '54.9439566', '20.1514789', '2019-12-12 07:07:12'),
(831, 'Светлоград', '45.3284769', '42.8566923', '2019-12-12 07:07:12'),
(832, 'Светлый', '54.6774051', '20.1356625', '2019-12-12 07:07:12'),
(833, 'Светогорск', '61.1112679', '28.8726666', '2019-12-12 07:07:12'),
(834, 'Свирск', '53.0842576', '103.3364192', '2019-12-12 07:07:12'),
(835, 'Свободный', '51.3612640', '128.1218995', '2019-12-12 07:07:12'),
(836, 'Себеж', '56.2907663', '28.4725735', '2019-12-12 07:07:12'),
(837, 'Северобайкальск', '55.6357165', '109.3362606', '2019-12-12 07:07:12'),
(838, 'Северодвинск', '64.5625300', '39.8182715', '2019-12-12 07:07:12'),
(839, 'Северо-Курильск', '50.6731056', '156.1280722', '2019-12-12 07:07:12'),
(840, 'Североморск', '69.0765029', '33.4178354', '2019-12-12 07:07:12'),
(841, 'Североуральск', '60.1533333', '59.9525274', '2019-12-12 07:07:12'),
(842, 'Северск', '56.6031143', '84.8809687', '2019-12-12 07:07:12'),
(843, 'Севск', '52.1484215', '34.4918198', '2019-12-12 07:07:12'),
(844, 'Сегежа', '63.7437211', '34.3126755', '2019-12-12 07:07:12'),
(845, 'Сельцо', '53.3738801', '34.1059226', '2019-12-12 07:07:12'),
(846, 'Семенов', '56.7889350', '44.4903571', '2019-12-12 07:07:12'),
(847, 'Семикаракорск', '47.5177981', '40.8115850', '2019-12-12 07:07:12'),
(848, 'Семилуки', '51.6951846', '39.0189797', '2019-12-12 07:07:12'),
(849, 'Сенгилей', '53.9590553', '48.7767869', '2019-12-12 07:07:12'),
(850, 'Серафимович', '49.5662860', '42.7360013', '2019-12-12 07:07:12'),
(851, 'Сергач', '55.5200364', '45.4813193', '2019-12-12 07:07:12'),
(852, 'Сергиев Посад', '56.3063411', '38.1502568', '2019-12-12 07:07:12'),
(853, 'Сердобск', '52.4697532', '44.2122688', '2019-12-12 07:07:12'),
(854, 'Серов', '59.6048651', '60.5752136', '2019-12-12 07:07:12'),
(855, 'Серпухов', '54.9225396', '37.4032682', '2019-12-12 07:07:12'),
(856, 'Сертолово', '60.1445800', '30.2094595', '2019-12-12 07:07:12'),
(857, 'Сибай', '52.7205811', '58.6663303', '2019-12-12 07:07:12'),
(858, 'Сим', '54.9906584', '57.6899045', '2019-12-12 07:07:12'),
(859, 'Симферополь', '44.9482645', '34.1001170', '2019-12-12 07:07:12'),
(860, 'Сковородино', '53.9871004', '123.9437290', '2019-12-12 07:07:12'),
(861, 'Скопин', '53.8236028', '39.5493286', '2019-12-12 07:07:12'),
(862, 'Славгород', '52.9993053', '78.6459674', '2019-12-12 07:07:12'),
(863, 'Славск', '55.0451054', '21.6742294', '2019-12-12 07:07:12'),
(864, 'Славянск-на-Кубани', '45.2605079', '38.1260725', '2019-12-12 07:07:12'),
(865, 'Сланцы', '59.1178693', '28.0881060', '2019-12-12 07:07:12'),
(866, 'Слободской', '58.7311934', '50.1670091', '2019-12-12 07:07:12'),
(867, 'Слюдянка', '51.6562679', '103.7186877', '2019-12-12 07:07:12'),
(868, 'Смоленск', '54.7867168', '31.8153366', '2019-12-12 07:07:12'),
(869, 'Снежинск', '56.0852320', '60.7324989', '2019-12-12 07:07:12'),
(870, 'Снежногорск', '69.1921469', '33.2382821', '2019-12-12 07:07:12'),
(871, 'Собинка', '55.9937980', '40.0180034', '2019-12-12 07:07:12'),
(872, 'Советск', '55.0810474', '21.8886272', '2019-12-12 07:07:12'),
(873, 'Советск', '57.5841434', '48.9589228', '2019-12-12 07:07:12'),
(874, 'Советск', '53.9337099', '37.6315517', '2019-12-12 07:07:12'),
(875, 'Советская Гавань', '48.9664554', '140.2852223', '2019-12-12 07:07:12'),
(876, 'Советский', '61.3706695', '63.5668630', '2019-12-12 07:07:12'),
(877, 'Сокол', '59.4759156', '40.1114414', '2019-12-12 07:07:12'),
(878, 'Солигалич', '59.0786729', '42.2877245', '2019-12-12 07:07:12'),
(879, 'Соликамск', '59.6483518', '56.7710358', '2019-12-12 07:07:12'),
(880, 'Солнечногорск', '56.2148655', '37.0967653', '2019-12-12 07:07:12'),
(881, 'Сольвычегодск', '61.3318091', '46.9203510', '2019-12-12 07:07:12'),
(882, 'Соль-Илецк', '51.1634976', '54.9895391', '2019-12-12 07:07:12'),
(883, 'Сольцы', '58.1201693', '30.3092850', '2019-12-12 07:07:12'),
(884, 'Сорочинск', '52.4265081', '53.1542123', '2019-12-12 07:07:12'),
(885, 'Сорск', '54.0001451', '90.2595674', '2019-12-12 07:07:12'),
(886, 'Сортавала', '61.7032216', '30.6917021', '2019-12-12 07:07:12'),
(887, 'Сосенский', '54.0565250', '35.9621458', '2019-12-12 07:07:12'),
(888, 'Сосновка', '56.2533149', '51.2833412', '2019-12-12 07:07:12'),
(889, 'Сосновоборск', '56.1202088', '93.3353411', '2019-12-12 07:07:12'),
(890, 'Сосновый Бор', '59.8772921', '29.1290866', '2019-12-12 07:07:12'),
(891, 'Сосногорск', '63.5990137', '53.8762792', '2019-12-12 07:07:12'),
(892, 'Сочи', '43.5855829', '39.7231419', '2019-12-12 07:07:12'),
(893, 'Спас-Деменск', '54.4099201', '34.0190263', '2019-12-12 07:07:12'),
(894, 'Спас-Клепики', '55.1291472', '40.1745036', '2019-12-12 07:07:12'),
(895, 'Спасск', '53.9271630', '43.1860475', '2019-12-12 07:07:12'),
(896, 'Спасск-Дальний', '44.5900929', '132.8157564', '2019-12-12 07:07:12'),
(897, 'Спасск-Рязанский', '54.4071497', '40.3764367', '2019-12-12 07:07:12'),
(898, 'Среднеколымск', '67.4581664', '153.7069511', '2019-12-12 07:07:12'),
(899, 'Среднеуральск', '56.9918830', '60.4771953', '2019-12-12 07:07:12'),
(900, 'Сретенск', '52.2462356', '117.7116971', '2019-12-12 07:07:12'),
(901, 'Ставрополь', '45.0445439', '41.9690168', '2019-12-12 07:07:12'),
(902, 'Старая Купавна', '55.8038411', '38.1426144', '2019-12-12 07:07:12'),
(903, 'Старая Русса', '57.9906873', '31.3555076', '2019-12-12 07:07:12'),
(904, 'Старица', '56.5149550', '34.9335145', '2019-12-12 07:07:12'),
(905, 'Стародуб', '52.5851881', '32.7603628', '2019-12-12 07:07:12'),
(906, 'Старый Крым', '45.0290659', '35.0900885', '2019-12-12 07:07:12'),
(907, 'Старый Оскол', '51.2965991', '37.8349849', '2019-12-12 07:07:12'),
(908, 'Стерлитамак', '53.6302498', '55.9315707', '2019-12-12 07:07:12'),
(909, 'Стрежевой', '60.7328199', '77.6040323', '2019-12-12 07:07:12'),
(910, 'Строитель', '50.7845571', '36.4886619', '2019-12-12 07:07:12'),
(911, 'Струнино', '56.3750001', '38.5839380', '2019-12-12 07:07:12'),
(912, 'Ступино', '54.9238403', '38.1186976', '2019-12-12 07:07:12'),
(913, 'Суворов', '54.1345367', '36.4806933', '2019-12-12 07:07:12'),
(914, 'Судак', '44.8505913', '34.9761591', '2019-12-12 07:07:12'),
(915, 'Суджа', '51.1919711', '35.2719619', '2019-12-12 07:07:12'),
(916, 'Судогда', '55.9498970', '40.8563392', '2019-12-12 07:07:12'),
(917, 'Суздаль', '56.4273814', '40.4525581', '2019-12-12 07:07:12'),
(918, 'Суоярви', '62.0787769', '32.3499029', '2019-12-12 07:07:12'),
(919, 'Сураж', '53.0171239', '32.3938351', '2019-12-12 07:07:12'),
(920, 'Сургут', '61.2539773', '73.3961726', '2019-12-12 07:07:12'),
(921, 'Суровикино', '48.6189756', '42.8541308', '2019-12-12 07:07:12'),
(922, 'Сурск', '53.0760597', '45.6911897', '2019-12-12 07:07:12'),
(923, 'Сусуман', '62.7804628', '148.1540330', '2019-12-12 07:07:12'),
(924, 'Сухиничи', '54.0973787', '35.3443077', '2019-12-12 07:07:12'),
(925, 'Сухой Лог', '56.9075938', '62.0358708', '2019-12-12 07:07:12'),
(926, 'Сызрань', '53.1557213', '48.4745419', '2019-12-12 07:07:12'),
(927, 'Сыктывкар', '61.6687890', '50.8356491', '2019-12-12 07:07:12'),
(928, 'Сысерть', '56.5005200', '60.8190708', '2019-12-12 07:07:12'),
(929, 'Сычевка', '55.8307397', '34.2778680', '2019-12-12 07:07:12'),
(930, 'Сясьстрой', '60.1402454', '32.5602015', '2019-12-12 07:07:12'),
(931, 'Тавда', '58.0434196', '65.2743232', '2019-12-12 07:07:12'),
(932, 'Таганрог', '47.2094907', '38.9351540', '2019-12-12 07:07:12'),
(933, 'Тайга', '56.0622767', '85.6207907', '2019-12-12 07:07:12'),
(934, 'Тайшет', '55.9405397', '98.0030649', '2019-12-12 07:07:12'),
(935, 'Талдом', '56.7308993', '37.5276414', '2019-12-12 07:07:12'),
(936, 'Талица', '57.0123359', '63.7322467', '2019-12-12 07:07:12'),
(937, 'Тамбов', '52.7213021', '41.4522580', '2019-12-12 07:07:12'),
(938, 'Тара', '56.9159171', '74.3649643', '2019-12-12 07:07:12'),
(939, 'Тарко-Сале', '64.9117649', '77.7610204', '2019-12-12 07:07:12'),
(940, 'Таруса', '54.7236791', '37.1670866', '2019-12-12 07:07:12'),
(941, 'Татарск', '55.2145894', '75.9740805', '2019-12-12 07:07:12'),
(942, 'Таштагол', '52.7594505', '87.8477272', '2019-12-12 07:07:12'),
(943, 'Тверь', '56.8585396', '35.9117898', '2019-12-12 07:07:12'),
(944, 'Теберда', '43.4438408', '41.7414924', '2019-12-12 07:07:12'),
(945, 'Тейково', '56.8542712', '40.5355289', '2019-12-12 07:07:12'),
(946, 'Темников', '54.6309086', '43.2161785', '2019-12-12 07:07:12'),
(947, 'Темрюк', '45.2611082', '37.4455190', '2019-12-12 07:07:12'),
(948, 'Терек', '43.4838439', '44.1402524', '2019-12-12 07:07:12'),
(949, 'Тетюши', '54.9365750', '48.8314915', '2019-12-12 07:07:12'),
(950, 'Тимашевск', '45.6159358', '38.9350513', '2019-12-12 07:07:12'),
(951, 'Тихвин', '59.6273809', '33.5072307', '2019-12-12 07:07:12'),
(952, 'Тихорецк', '45.8546953', '40.1258702', '2019-12-12 07:07:12'),
(953, 'Тобольск', '58.2016828', '68.2538392', '2019-12-12 07:07:12'),
(954, 'Тогучин', '55.2250038', '84.4103867', '2019-12-12 07:07:12'),
(955, 'Тольятти', '53.5206438', '49.3894610', '2019-12-12 07:07:12'),
(956, 'Томари', '47.7619957', '142.0615080', '2019-12-12 07:07:12'),
(957, 'Томмот', '58.9586939', '126.2875375', '2019-12-12 07:07:12'),
(958, 'Томск', '56.4847036', '84.9481737', '2019-12-12 07:07:12'),
(959, 'Топки', '55.2766036', '85.6153223', '2019-12-12 07:07:12'),
(960, 'Торжок', '57.0412804', '34.9600691', '2019-12-12 07:07:12'),
(961, 'Торопец', '56.5011791', '31.6354366', '2019-12-12 07:07:12'),
(962, 'Тосно', '59.5406697', '30.8777872', '2019-12-12 07:07:12'),
(963, 'Тотьма', '59.9735051', '42.7589701', '2019-12-12 07:07:12'),
(964, 'Трехгорный', '54.8178174', '58.4465039', '2019-12-12 07:07:12'),
(965, 'Троицк', '54.0844132', '61.5585503', '2019-12-12 07:07:12'),
(966, 'Трубчевск', '52.5791314', '33.7660013', '2019-12-12 07:07:12'),
(967, 'Туапсе', '44.1103707', '39.0826450', '2019-12-12 07:07:12'),
(968, 'Туймазы', '54.5999889', '53.6949081', '2019-12-12 07:07:12'),
(969, 'Тула', '54.1920170', '37.6153885', '2019-12-12 07:07:12'),
(970, 'Тулун', '54.5571409', '100.5779402', '2019-12-12 07:07:12'),
(971, 'Туран', '52.1449320', '93.9172495', '2019-12-12 07:07:12'),
(972, 'Туринск', '58.0394258', '63.6981420', '2019-12-12 07:07:12'),
(973, 'Тутаев', '57.8674237', '39.5368234', '2019-12-12 07:07:12'),
(974, 'Тында', '55.1546401', '124.7468634', '2019-12-12 07:07:12'),
(975, 'Тырныауз', '43.3981939', '42.9215127', '2019-12-12 07:07:12'),
(976, 'Тюкалинск', '55.8705121', '72.1956156', '2019-12-12 07:07:12'),
(977, 'Тюмень', '57.1530824', '65.5343118', '2019-12-12 07:07:12'),
(978, 'Уварово', '51.9768835', '42.2529568', '2019-12-12 07:07:12'),
(979, 'Углегорск', '49.0816311', '142.0693033', '2019-12-12 07:07:12'),
(980, 'Углич', '57.5223866', '38.3019793', '2019-12-12 07:07:12'),
(981, 'Удачный', '66.4072367', '112.3061653', '2019-12-12 07:07:12'),
(982, 'Удомля', '57.8787885', '35.0167160', '2019-12-12 07:07:12'),
(983, 'Ужур', '55.3141977', '89.8333827', '2019-12-12 07:07:12'),
(984, 'Узловая', '53.9731407', '38.1763104', '2019-12-12 07:07:12'),
(985, 'Улан-Удэ', '51.8334378', '107.5841511', '2019-12-12 07:07:12'),
(986, 'Ульяновск', '54.3080674', '48.3748717', '2019-12-12 07:07:12'),
(987, 'Унеча', '52.8460665', '32.6757071', '2019-12-12 07:07:12'),
(988, 'Урай', '60.1295842', '64.8040117', '2019-12-12 07:07:12'),
(989, 'Урень', '57.4612547', '45.7833940', '2019-12-12 07:07:12'),
(990, 'Уржум', '57.1097612', '50.0056278', '2019-12-12 07:07:12'),
(991, 'Урюпинск', '50.7904767', '42.0288589', '2019-12-12 07:07:12'),
(992, 'Усинск', '65.9941116', '57.5570054', '2019-12-12 07:07:12'),
(993, 'Усмань', '52.0444165', '39.7264516', '2019-12-12 07:07:12'),
(994, 'Усолье', '59.4279356', '56.6837783', '2019-12-12 07:07:12'),
(995, 'Усолье-Сибирское', '52.7567192', '103.6387694', '2019-12-12 07:07:12'),
(996, 'Уссурийск', '43.7972600', '131.9517262', '2019-12-12 07:07:12'),
(997, 'Усть-Джегута', '44.0838520', '41.9711280', '2019-12-12 07:07:12'),
(998, 'Усть-Илимск', '57.9431325', '102.7414683', '2019-12-12 07:07:12'),
(999, 'Усть-Катав', '54.9261323', '58.1528067', '2019-12-12 07:07:12'),
(1000, 'Усть-Кут', '56.7928049', '105.7756883', '2019-12-12 07:07:12'),
(1001, 'Усть-Лабинск', '45.2226760', '39.6930239', '2019-12-12 07:07:12'),
(1002, 'Устюжна', '58.8383671', '36.4425046', '2019-12-12 07:07:12'),
(1003, 'Уфа', '54.7348530', '55.9578647', '2019-12-12 07:07:12'),
(1004, 'Ухта', '63.5564779', '53.7014202', '2019-12-12 07:07:12'),
(1005, 'Учалы', '54.3066965', '59.4126559', '2019-12-12 07:07:12'),
(1006, 'Уяр', '55.8131698', '94.3282148', '2019-12-12 07:07:12'),
(1007, 'Фатеж', '52.0918591', '35.8538912', '2019-12-12 07:07:12'),
(1008, 'Феодосия', '45.0318780', '35.3824772', '2019-12-12 07:07:12'),
(1009, 'Фокино', '53.4554552', '34.4158537', '2019-12-12 07:07:12'),
(1010, 'Фокино', '42.9707163', '132.4110209', '2019-12-12 07:07:12'),
(1011, 'Фролово', '49.7647809', '43.6648936', '2019-12-12 07:07:12'),
(1012, 'Фрязино', '55.9590154', '38.0409171', '2019-12-12 07:07:12'),
(1013, 'Фурманов', '57.2538043', '41.1053808', '2019-12-12 07:07:12'),
(1014, 'Хабаровск', '48.4647991', '135.0598811', '2019-12-12 07:07:12'),
(1015, 'Хадыженск', '44.4123030', '39.5319151', '2019-12-12 07:07:12'),
(1016, 'Ханты-Мансийск', '61.0024344', '69.0183322', '2019-12-12 07:07:12'),
(1017, 'Харабали', '47.4089187', '47.2524467', '2019-12-12 07:07:12'),
(1018, 'Харовск', '59.9477728', '40.2000794', '2019-12-12 07:07:12'),
(1019, 'Хасавюрт', '43.2505191', '46.5852276', '2019-12-12 07:07:12'),
(1020, 'Хвалынск', '52.4950057', '48.1045147', '2019-12-12 07:07:12'),
(1021, 'Хилок', '51.3635236', '110.4589890', '2019-12-12 07:07:12'),
(1022, 'Химки', '55.8886705', '37.4304154', '2019-12-12 07:07:12'),
(1023, 'Холм', '57.1451036', '31.1787812', '2019-12-12 07:07:12'),
(1024, 'Холмск', '47.0408637', '142.0416619', '2019-12-12 07:07:12'),
(1025, 'Хотьково', '56.2515725', '37.9395225', '2019-12-12 07:07:12'),
(1026, 'Цивильск', '55.8650132', '47.4729670', '2019-12-12 07:07:12'),
(1027, 'Цимлянск', '47.6477668', '42.0930220', '2019-12-12 07:07:12'),
(1028, 'Циолковский', '51.7624346', '128.1219720', '2019-12-12 07:07:12'),
(1029, 'Чадан', '51.2844482', '91.5789135', '2019-12-12 07:07:12'),
(1030, 'Чайковский', '56.7780203', '54.1478482', '2019-12-12 07:07:12'),
(1031, 'Чапаевск', '52.9289662', '49.8674222', '2019-12-12 07:07:12'),
(1032, 'Чаплыгин', '53.2404794', '39.9671563', '2019-12-12 07:07:12'),
(1033, 'Чебаркуль', '54.9819329', '60.3773305', '2019-12-12 07:07:12'),
(1034, 'Чебоксары', '56.1439378', '47.2488718', '2019-12-12 07:07:12'),
(1035, 'Чегем', '43.5672039', '43.5865338', '2019-12-12 07:07:12'),
(1036, 'Чекалин', '54.0985105', '36.2474377', '2019-12-12 07:07:12'),
(1037, 'Челябинск', '55.1603659', '61.4007858', '2019-12-12 07:07:12'),
(1038, 'Чердынь', '60.4011184', '56.4801391', '2019-12-12 07:07:12'),
(1039, 'Черемхово', '53.1369385', '103.0901190', '2019-12-12 07:07:12'),
(1040, 'Черепаново', '54.2206974', '83.3724392', '2019-12-12 07:07:12'),
(1041, 'Череповец', '59.1269214', '37.9092243', '2019-12-12 07:07:12'),
(1042, 'Черкесск', '44.2268637', '42.0467829', '2019-12-12 07:07:12'),
(1043, 'Чермоз', '58.7842527', '56.1507562', '2019-12-12 07:07:12'),
(1044, 'Черноголовка', '56.0100909', '38.3792328', '2019-12-12 07:07:12'),
(1045, 'Черногорск', '53.8258425', '91.3259669', '2019-12-12 07:07:12'),
(1046, 'Чернушка', '56.5161079', '56.0763919', '2019-12-12 07:07:12'),
(1047, 'Черняховск', '54.6243928', '21.7969179', '2019-12-12 07:07:12'),
(1048, 'Чехов', '55.1507175', '37.4532591', '2019-12-12 07:07:12'),
(1049, 'Чистополь', '55.3699372', '50.6284950', '2019-12-12 07:07:12'),
(1050, 'Чита', '52.0340128', '113.4994884', '2019-12-12 07:07:12'),
(1051, 'Чкаловск', '56.7651549', '43.2420193', '2019-12-12 07:07:12'),
(1052, 'Чудово', '59.1247477', '31.6865406', '2019-12-12 07:07:12'),
(1053, 'Чулым', '55.0906205', '80.9592152', '2019-12-12 07:07:12'),
(1054, 'Чусовой', '58.2974725', '57.8193122', '2019-12-12 07:07:12'),
(1055, 'Чухлома', '58.7534246', '42.6883783', '2019-12-12 07:07:12'),
(1056, 'Шагонар', '51.5347357', '92.9199618', '2019-12-12 07:07:12'),
(1057, 'Шадринск', '56.0870152', '63.6298234', '2019-12-12 07:07:12'),
(1058, 'Шали', '43.1487760', '45.9009577', '2019-12-12 07:07:12'),
(1059, 'Шарыпово', '55.5389684', '89.1801557', '2019-12-12 07:07:12'),
(1060, 'Шарья', '58.3761832', '45.4060762', '2019-12-12 07:07:12'),
(1061, 'Шатура', '55.5777942', '39.5443781', '2019-12-12 07:07:12'),
(1062, 'Шахты', '47.7084247', '40.2159154', '2019-12-12 07:07:12'),
(1063, 'Шахунья', '57.6764773', '46.6129673', '2019-12-12 07:07:12'),
(1064, 'Шацк', '54.0288845', '41.7182108', '2019-12-12 07:07:12'),
(1065, 'Шебекино', '50.4005506', '36.8877988', '2019-12-12 07:07:12'),
(1066, 'Шелехов', '52.2102462', '104.0973531', '2019-12-12 07:07:12'),
(1067, 'Шенкурск', '62.1057423', '42.8995900', '2019-12-12 07:07:12'),
(1068, 'Шилка', '51.8495302', '116.0335750', '2019-12-12 07:07:12'),
(1069, 'Шимановск', '52.0052856', '127.7006559', '2019-12-12 07:07:12'),
(1070, 'Шиханы', '52.1148241', '47.2022928', '2019-12-12 07:07:12'),
(1071, 'Шлиссельбург', '59.9443923', '31.0334136', '2019-12-12 07:07:12'),
(1072, 'Шумерля', '55.4961795', '46.4183534', '2019-12-12 07:07:12'),
(1073, 'Шумиха', '55.2281833', '63.2902391', '2019-12-12 07:07:12'),
(1074, 'Шуя', '56.8560743', '41.3802455', '2019-12-12 07:07:12'),
(1075, 'Щекино', '54.0020749', '37.5176860', '2019-12-12 07:07:12'),
(1076, 'Щелкино', '45.4289847', '35.8251329', '2019-12-12 07:07:12'),
(1077, 'Щелково', '55.9234303', '37.9784419', '2019-12-12 07:07:12'),
(1078, 'Щигры', '51.8787808', '36.8910674', '2019-12-12 07:07:12'),
(1079, 'Щучье', '55.2088300', '62.7478475', '2019-12-12 07:07:12'),
(1080, 'Электрогорск', '55.8778573', '38.7805239', '2019-12-12 07:07:12'),
(1081, 'Электросталь', '55.7847718', '38.4446531', '2019-12-12 07:07:12'),
(1082, 'Электроугли', '55.7170329', '38.2194049', '2019-12-12 07:07:12'),
(1083, 'Элиста', '46.3082947', '44.2701417', '2019-12-12 07:07:12'),
(1084, 'Энгельс', '51.4854893', '46.1267479', '2019-12-12 07:07:12'),
(1085, 'Эртиль', '51.8310240', '40.8074054', '2019-12-12 07:07:12'),
(1086, 'Югорск', '61.3124504', '63.3364787', '2019-12-12 07:07:12'),
(1087, 'Южа', '56.5926458', '42.0457159', '2019-12-12 07:07:12'),
(1088, 'Южно-Сахалинск', '46.9591330', '142.7381252', '2019-12-12 07:07:12'),
(1089, 'Южно-Сухокумск', '44.6600972', '45.6499304', '2019-12-12 07:07:12'),
(1090, 'Южноуральск', '54.4490124', '61.2581869', '2019-12-12 07:07:12'),
(1091, 'Юрга', '55.7202689', '84.8885516', '2019-12-12 07:07:12'),
(1092, 'Юрьевец', '57.3178701', '43.1110553', '2019-12-12 07:07:12'),
(1093, 'Юрьев-Польский', '56.4938067', '39.6679311', '2019-12-12 07:07:12'),
(1094, 'Юрюзань', '54.8546372', '58.4227116', '2019-12-12 07:07:12'),
(1095, 'Юхнов', '54.7445873', '35.2424857', '2019-12-12 07:07:12'),
(1096, 'Ядрин', '55.9406826', '46.2020765', '2019-12-12 07:07:12'),
(1097, 'Якутск', '62.0280273', '129.7325717', '2019-12-12 07:07:12'),
(1098, 'Ялта', '44.4163660', '34.0445500', '2019-12-12 07:07:12'),
(1099, 'Ялта', '44.4951948', '34.1663860', '2019-12-12 07:07:12'),
(1100, 'Ялуторовск', '56.6491670', '66.2970340', '2019-12-12 07:07:12'),
(1101, 'Янаул', '56.2650336', '54.9298314', '2019-12-12 07:07:12'),
(1102, 'Яранск', '57.3041950', '47.8479185', '2019-12-12 07:07:12'),
(1103, 'Яровое', '52.9251728', '78.5729898', '2019-12-12 07:07:12'),
(1104, 'Ярославль', '57.6216145', '39.8978780', '2019-12-12 07:07:12'),
(1105, 'Ярцево', '55.0564933', '32.6902457', '2019-12-12 07:07:12'),
(1106, 'Ясногорск', '54.4795178', '37.6896690', '2019-12-12 07:07:12'),
(1107, 'Ясный', '51.0369499', '59.8743256', '2019-12-12 07:07:12'),
(1108, 'Яхрома', '56.2889858', '37.4831016', '2019-12-12 07:07:12');

-- --------------------------------------------------------

--
-- Структура таблицы `favorite`
--

CREATE TABLE `favorite` (
  `user_id` int(11) NOT NULL COMMENT 'Пользователь'
) ENGINE=InnoDB DEFAULT CHARSET=utf8;

--
-- Дамп данных таблицы `favorite`
--

INSERT INTO `favorite` (`user_id`) VALUES
(2),
(3),
(4);

-- --------------------------------------------------------

--
-- Структура таблицы `feedback`
--

CREATE TABLE `feedback` (
  `id` int(11) NOT NULL COMMENT 'Идентификатор',
  `contractor_id` int(11) NOT NULL COMMENT 'Исполнитель',
  `rating` enum('1','2','3','4','5') NOT NULL COMMENT 'Оценка',
  `description` text NOT NULL COMMENT 'Текст отзыва',
  `dt_add` timestamp NOT NULL DEFAULT CURRENT_TIMESTAMP COMMENT 'Время создания записи'
) ENGINE=InnoDB DEFAULT CHARSET=utf8;

--
-- Дамп данных таблицы `feedback`
--

INSERT INTO `feedback` (`id`, `contractor_id`, `rating`, `description`, `dt_add`) VALUES
(1, 19, '3', 'Cras non velit nec nisi vulputate nonummy. Maecenas tincidunt lacus at velit. Vivamus vel nulla eget eros elementum pellentesque.\n\nQuisque porta volutpat erat. Quisque erat eros, viverra eget, congue eget, semper rutrum, nulla. Nunc purus.\n\nPhasellus in felis. Donec semper sapien a libero. Nam dui.', '2019-08-18 19:00:00'),
(2, 9, '2', 'Fusce posuere felis sed lacus. Morbi sem mauris, laoreet ut, rhoncus aliquet, pulvinar sed, nisl. Nunc rhoncus dui vel sem.\n\nSed sagittis. Nam congue, risus semper porta volutpat, quam pede lobortis ligula, sit amet eleifend pede libero quis orci. Nullam molestie nibh in lectus.\n\nPellentesque at nulla. Suspendisse potenti. Cras in purus eu magna vulputate luctus.', '2019-02-21 19:00:00'),
(3, 11, '2', 'Curabitur in libero ut massa volutpat convallis. Morbi odio odio, elementum eu, interdum eu, tincidunt in, leo. Maecenas pulvinar lobortis est.\n\nPhasellus sit amet erat. Nulla tempus. Vivamus in felis eu sapien cursus vestibulum.', '2019-07-10 19:00:00'),
(4, 8, '2', 'Duis aliquam convallis nunc. Proin at turpis a pede posuere nonummy. Integer non velit.\n\nDonec diam neque, vestibulum eget, vulputate ut, ultrices vel, augue. Vestibulum ante ipsum primis in faucibus orci luctus et ultrices posuere cubilia Curae; Donec pharetra, magna vestibulum aliquet ultrices, erat tortor sollicitudin mi, sit amet lobortis sapien sapien non mi. Integer ac neque.', '2018-10-06 19:00:00'),
(5, 19, '1', 'Aenean lectus. Pellentesque eget nunc. Donec quis orci eget orci vehicula condimentum.\n\nCurabitur in libero ut massa volutpat convallis. Morbi odio odio, elementum eu, interdum eu, tincidunt in, leo. Maecenas pulvinar lobortis est.', '2018-11-30 19:00:00'),
(6, 10, '3', 'In congue. Etiam justo. Etiam pretium iaculis justo.', '2018-11-08 19:00:00'),
(7, 12, '5', 'In hac habitasse platea dictumst. Morbi vestibulum, velit id pretium iaculis, diam erat fermentum justo, nec condimentum neque sapien placerat ante. Nulla justo.\n\nAliquam quis turpis eget elit sodales scelerisque. Mauris sit amet eros. Suspendisse accumsan tortor quis turpis.\n\nSed ante. Vivamus tortor. Duis mattis egestas metus.', '2018-12-09 19:00:00'),
(8, 10, '2', 'Curabitur gravida nisi at nibh. In hac habitasse platea dictumst. Aliquam augue quam, sollicitudin vitae, consectetuer eget, rutrum at, lorem.\n\nInteger tincidunt ante vel ipsum. Praesent blandit lacinia erat. Vestibulum sed magna at nunc commodo placerat.', '2018-10-19 19:00:00'),
(9, 4, '2', 'Cras non velit nec nisi vulputate nonummy. Maecenas tincidunt lacus at velit. Vivamus vel nulla eget eros elementum pellentesque.\n\nQuisque porta volutpat erat. Quisque erat eros, viverra eget, congue eget, semper rutrum, nulla. Nunc purus.', '2018-10-26 19:00:00'),
(10, 2, '4', 'Lorem ipsum dolor sit amet, consectetuer adipiscing elit. Proin risus. Praesent lectus.', '2019-06-13 19:00:00'),
(11, 1, '4', 'Test', '2020-01-27 09:57:31'),
(12, 1, '5', 'Test', '2020-01-27 09:57:31');

-- --------------------------------------------------------

--
-- Структура таблицы `file`
--

CREATE TABLE `file` (
  `id` int(11) NOT NULL COMMENT 'Идентификатор',
  `path` varchar(255) NOT NULL COMMENT 'Путь к файлу',
  `original_name` varchar(255) NOT NULL COMMENT 'Оригинальное имя файла',
  `dt_add` timestamp NOT NULL DEFAULT CURRENT_TIMESTAMP COMMENT 'Время создания записи'
) ENGINE=InnoDB DEFAULT CHARSET=utf8;

-- --------------------------------------------------------

--
-- Структура таблицы `job`
--

CREATE TABLE `job` (
  `id` int(11) NOT NULL COMMENT 'Идентификатор',
  `task_id` int(11) NOT NULL COMMENT 'Задание',
  `contractor_id` int(11) NOT NULL COMMENT 'Исполнитель',
  `price` int(11) DEFAULT NULL COMMENT 'Цена',
  `comment` varchar(255) DEFAULT NULL COMMENT 'Комментарий',
  `rating` enum('1','2','3','4','5') DEFAULT NULL COMMENT 'Оценка',
  `completed_at` datetime DEFAULT NULL COMMENT 'Время завершения работы',
  `created_at` int(11) NOT NULL COMMENT 'Время создания записи'
) ENGINE=InnoDB DEFAULT CHARSET=utf8;

-- --------------------------------------------------------

--
-- Структура таблицы `profile`
--

CREATE TABLE `profile` (
  `id` int(11) NOT NULL COMMENT 'Идентификатор',
  `user_id` int(11) NOT NULL COMMENT 'Пользователь',
  `city_id` int(11) DEFAULT NULL COMMENT 'Город',
  `address` varchar(255) DEFAULT NULL COMMENT 'Адрес',
  `birthday` date DEFAULT NULL COMMENT 'День рождения',
  `about` text COMMENT 'Информация о себе',
  `phone` varchar(64) DEFAULT NULL COMMENT 'Номер телефона',
  `skype` varchar(64) DEFAULT NULL COMMENT 'Скайп',
  `messenger` varchar(64) DEFAULT NULL COMMENT 'Другой мессенджер',
  `last_activity` datetime NOT NULL DEFAULT CURRENT_TIMESTAMP COMMENT 'Время последней активности'
) ENGINE=InnoDB DEFAULT CHARSET=utf8;

--
-- Дамп данных таблицы `profile`
--

INSERT INTO `profile` (`id`, `user_id`, `city_id`, `address`, `birthday`, `about`, `phone`, `skype`, `messenger`, `last_activity`) VALUES
(1, 1, 741, '38737 Moose Avenue', '1989-11-11', 'In est risus, auctor sed, tristique in, tempus sit amet, sem. Fusce consequat.', '64574473047', 'high-level', NULL, '2020-01-31 12:30:00'),
(2, 2, 326, '738 Hagan Lane', '1989-03-05', 'Pellentesque ultrices mattis odio.', '75531015353', 'mobile', NULL, '2020-01-31 12:00:00'),
(3, 3, 794, '758 Old Shore Parkway', '1989-12-30', 'Morbi a ipsum. Integer a nibh. In quis justo.', '16371407508', 'Re-engineered', NULL, '2020-01-31 12:00:00'),
(4, 4, 822, '11 Dovetail Junction', '0629-03-03', 'Suspendisse potenti.', '21468788926', 'Grass-roots', NULL, '2020-01-31 12:00:00'),
(5, 5, 98, '050 Bowman Alley', '1989-04-08', 'Morbi quis tortor id nulla ultrices aliquet. Maecenas leo odio, condimentum id, luctus nec, molestie sed, justo.', '62931646367', 'fault-tolerant', NULL, '2020-01-31 12:00:00'),
(6, 6, 195, '5 Iowa Avenue', '1989-04-18', 'Maecenas tristique, est et tempus semper, est quam pharetra magna, ac consequat metus sapien ut nunc. Vestibulum ante ipsum primis in faucibus orci luctus et ultrices posuere cubilia Curae; Mauris viverra diam vitae quam.', '63271348718', 'Team-oriented', NULL, '2020-01-31 12:00:00'),
(7, 7, 718, '87119 Northland Hill', '1989-03-20', 'Sed vel enim sit amet nunc viverra dapibus. Nulla suscipit ligula in lacus.', '41056175169', 'portal', NULL, '2020-01-31 12:00:00'),
(8, 8, 103, '6823 Lillian Point', '1989-12-13', 'Pellentesque viverra pede ac diam. Cras pellentesque volutpat dui. Maecenas tristique, est et tempus semper, est quam pharetra magna, ac consequat metus sapien ut nunc.', '72882384431', 'intermediate', NULL, '2020-01-31 12:00:00'),
(9, 9, 413, '43 Marquette Plaza', '1989-01-14', 'Morbi ut odio.', '69043821394', 'local area network', NULL, '2020-01-31 12:00:00'),
(10, 10, 231, '5303 Village Green Hill', '1989-02-03', 'Suspendisse ornare consequat lectus. In est risus, auctor sed, tristique in, tempus sit amet, sem. Fusce consequat.', '28396220507', 'upward-trending', NULL, '2020-01-31 12:00:00'),
(11, 11, 136, '67399 Reindahl Place', '1989-05-23', 'Phasellus sit amet erat. Nulla tempus. Vivamus in felis eu sapien cursus vestibulum.', '83344513307', 'grid-enabled', NULL, '2020-01-31 12:00:00'),
(12, 12, 1009, '45 Twin Pines Hill', '1989-07-06', 'Vivamus metus arcu, adipiscing molestie, hendrerit at, vulputate vitae, nisl. Aenean lectus. Pellentesque eget nunc.', '64890419671', 'background', NULL, '2020-01-31 12:00:00'),
(13, 13, 51, '46 Sheridan Place', '1903-04-16', 'Quisque ut erat. Curabitur gravida nisi at nibh. In hac habitasse platea dictumst.', '23005580487', 'challenge', NULL, '2020-01-31 12:00:00'),
(14, 14, 935, '73 Kedzie Terrace', '1989-11-07', 'Pellentesque at nulla. Suspendisse potenti. Cras in purus eu magna vulputate luctus.', '27052074771', 'coherent', NULL, '2020-01-31 12:00:00'),
(15, 15, 600, '85509 Ludington Drive', '1989-02-13', 'Cras pellentesque volutpat dui.', '14800371520', 'neutral', NULL, '2020-01-31 12:00:00'),
(16, 16, 62, '67 Northwestern Center', '1989-07-07', 'Aliquam erat volutpat. In congue.', '75569924500', 'Programmable', NULL, '2020-01-31 12:00:00'),
(17, 17, 674, '725 Eagle Crest Hill', '1989-09-29', 'Nulla ac enim. In tempor, turpis nec euismod scelerisque, quam turpis adipiscing lorem, vitae mattis nibh ligula nec sem. Duis aliquam convallis nunc.', '37349256497', 'encompassing', NULL, '2020-01-31 12:00:00'),
(18, 18, 329, '507 Graceland Junction', '1989-03-19', 'Suspendisse potenti.', '12403580562', 'knowledge base', NULL, '2020-01-31 12:00:00'),
(19, 19, 592, '92 Gina Park', '1989-09-29', 'Phasellus sit amet erat.', '40139478003', 'dynamic', NULL, '2020-01-31 12:00:00'),
(20, 20, 1083, '8 Ridgeview Trail', '1989-12-21', 'Cras pellentesque volutpat dui.', '76657531985', 'solution', NULL, '2020-01-31 12:00:00');

-- --------------------------------------------------------

--
-- Структура таблицы `reply`
--

CREATE TABLE `reply` (
  `id` int(11) NOT NULL COMMENT 'Идентификатор',
  `task_id` int(11) NOT NULL COMMENT 'Задание',
  `contractor_id` int(11) NOT NULL COMMENT 'Исполнитель',
  `price` int(11) DEFAULT NULL COMMENT 'Цена',
  `comment` text COMMENT 'Комментарий',
  `rating` enum('1','2','3','4','5') DEFAULT NULL COMMENT 'Оценка',
  `completed_at` datetime DEFAULT NULL COMMENT 'Время завершения работы',
  `dt_add` timestamp NOT NULL DEFAULT CURRENT_TIMESTAMP COMMENT 'Время создания записи'
) ENGINE=InnoDB DEFAULT CHARSET=utf8;

--
-- Дамп данных таблицы `reply`
--

INSERT INTO `reply` (`id`, `task_id`, `contractor_id`, `price`, `comment`, `rating`, `completed_at`, `dt_add`) VALUES
(1, 1, 9, NULL, 'Curabitur gravida nisi at nibh. In hac habitasse platea dictumst. Aliquam augue quam, sollicitudin vitae, consectetuer eget, rutrum at, lorem.\n\nInteger tincidunt ante vel ipsum. Praesent blandit lacinia erat. Vestibulum sed magna at nunc commodo placerat.\n\nPraesent blandit. Nam nulla. Integer pede justo, lacinia eget, tincidunt eget, tempus vel, pede.', '1', NULL, '2019-05-08 19:00:00'),
(2, 3, 12, NULL, 'Fusce consequat. Nulla nisl. Nunc nisl.\n\nDuis bibendum, felis sed interdum venenatis, turpis enim blandit mi, in porttitor pede justo eu massa. Donec dapibus. Duis at velit eu est congue elementum.\n\nIn hac habitasse platea dictumst. Morbi vestibulum, velit id pretium iaculis, diam erat fermentum justo, nec condimentum neque sapien placerat ante. Nulla justo.', '4', NULL, '2018-10-26 19:00:00'),
(3, 4, 10, NULL, 'Fusce consequat. Nulla nisl. Nunc nisl.\n\nDuis bibendum, felis sed interdum venenatis, turpis enim blandit mi, in porttitor pede justo eu massa. Donec dapibus. Duis at velit eu est congue elementum.\n\nIn hac habitasse platea dictumst. Morbi vestibulum, velit id pretium iaculis, diam erat fermentum justo, nec condimentum neque sapien placerat ante. Nulla justo.', '5', NULL, '2018-11-01 19:00:00'),
(4, 4, 14, NULL, 'Praesent blandit. Nam nulla. Integer pede justo, lacinia eget, tincidunt eget, tempus vel, pede.\n\nMorbi porttitor lorem id ligula. Suspendisse ornare consequat lectus. In est risus, auctor sed, tristique in, tempus sit amet, sem.\n\nFusce consequat. Nulla nisl. Nunc nisl.', '3', NULL, '2019-06-03 19:00:00'),
(5, 5, 2, NULL, 'In hac habitasse platea dictumst. Morbi vestibulum, velit id pretium iaculis, diam erat fermentum justo, nec condimentum neque sapien placerat ante. Nulla justo.', '3', NULL, '2018-10-08 19:00:00'),
(6, 3, 18, NULL, 'Nullam sit amet turpis elementum ligula vehicula consequat. Morbi a ipsum. Integer a nibh.\n\nIn quis justo. Maecenas rhoncus aliquam lacus. Morbi quis tortor id nulla ultrices aliquet.\n\nMaecenas leo odio, condimentum id, luctus nec, molestie sed, justo. Pellentesque viverra pede ac diam. Cras pellentesque volutpat dui.', '4', NULL, '2019-07-15 19:00:00'),
(7, 9, 7, NULL, 'Cras mi pede, malesuada in, imperdiet et, commodo vulputate, justo. In blandit ultrices enim. Lorem ipsum dolor sit amet, consectetuer adipiscing elit.', '5', NULL, '2019-01-21 19:00:00'),
(8, 7, 7, NULL, 'Praesent id massa id nisl venenatis lacinia. Aenean sit amet justo. Morbi ut odio.\n\nCras mi pede, malesuada in, imperdiet et, commodo vulputate, justo. In blandit ultrices enim. Lorem ipsum dolor sit amet, consectetuer adipiscing elit.\n\nProin interdum mauris non ligula pellentesque ultrices. Phasellus id sapien in sapien iaculis congue. Vivamus metus arcu, adipiscing molestie, hendrerit at, vulputate vitae, nisl.', '4', NULL, '2019-06-10 19:00:00'),
(9, 9, 15, NULL, 'Vestibulum quam sapien, varius ut, blandit non, interdum in, ante. Vestibulum ante ipsum primis in faucibus orci luctus et ultrices posuere cubilia Curae; Duis faucibus accumsan odio. Curabitur convallis.\n\nDuis consequat dui nec nisi volutpat eleifend. Donec ut dolor. Morbi vel lectus in quam fringilla rhoncus.\n\nMauris enim leo, rhoncus sed, vestibulum sit amet, cursus id, turpis. Integer aliquet, massa id lobortis convallis, tortor risus dapibus augue, vel accumsan tellus nisi eu orci. Mauris lacinia sapien quis libero.', '3', NULL, '2019-02-15 19:00:00'),
(10, 3, 11, NULL, 'Aenean lectus. Pellentesque eget nunc. Donec quis orci eget orci vehicula condimentum.\n\nCurabitur in libero ut massa volutpat convallis. Morbi odio odio, elementum eu, interdum eu, tincidunt in, leo. Maecenas pulvinar lobortis est.', '5', NULL, '2019-07-15 19:00:00'),
(11, 7, 1, NULL, 'In hac habitasse platea dictumst. Etiam faucibus cursus urna. Ut tellus.', '4', NULL, '2018-11-10 19:00:00'),
(12, 7, 10, NULL, 'Duis aliquam convallis nunc. Proin at turpis a pede posuere nonummy. Integer non velit.\n\nDonec diam neque, vestibulum eget, vulputate ut, ultrices vel, augue. Vestibulum ante ipsum primis in faucibus orci luctus et ultrices posuere cubilia Curae; Donec pharetra, magna vestibulum aliquet ultrices, erat tortor sollicitudin mi, sit amet lobortis sapien sapien non mi. Integer ac neque.\n\nDuis bibendum. Morbi non quam nec dui luctus rutrum. Nulla tellus.', '5', NULL, '2018-10-31 19:00:00'),
(13, 9, 2, NULL, 'Cras mi pede, malesuada in, imperdiet et, commodo vulputate, justo. In blandit ultrices enim. Lorem ipsum dolor sit amet, consectetuer adipiscing elit.\n\nProin interdum mauris non ligula pellentesque ultrices. Phasellus id sapien in sapien iaculis congue. Vivamus metus arcu, adipiscing molestie, hendrerit at, vulputate vitae, nisl.', '1', NULL, '2018-10-04 19:00:00'),
(14, 3, 15, NULL, 'Maecenas ut massa quis augue luctus tincidunt. Nulla mollis molestie lorem. Quisque ut erat.\n\nCurabitur gravida nisi at nibh. In hac habitasse platea dictumst. Aliquam augue quam, sollicitudin vitae, consectetuer eget, rutrum at, lorem.', '3', NULL, '2019-02-27 19:00:00'),
(15, 7, 7, NULL, 'Aenean fermentum. Donec ut mauris eget massa tempor convallis. Nulla neque libero, convallis eget, eleifend luctus, ultricies eu, nibh.\n\nQuisque id justo sit amet sapien dignissim vestibulum. Vestibulum ante ipsum primis in faucibus orci luctus et ultrices posuere cubilia Curae; Nulla dapibus dolor vel est. Donec odio justo, sollicitudin ut, suscipit a, feugiat et, eros.\n\nVestibulum ac est lacinia nisi venenatis tristique. Fusce congue, diam id ornare imperdiet, sapien urna pretium nisl, ut volutpat sapien arcu sed augue. Aliquam erat volutpat.', '3', NULL, '2019-07-03 19:00:00'),
(16, 5, 3, NULL, 'Curabitur in libero ut massa volutpat convallis. Morbi odio odio, elementum eu, interdum eu, tincidunt in, leo. Maecenas pulvinar lobortis est.\n\nPhasellus sit amet erat. Nulla tempus. Vivamus in felis eu sapien cursus vestibulum.', '3', NULL, '2019-07-29 19:00:00'),
(17, 1, 13, NULL, 'Suspendisse potenti. In eleifend quam a odio. In hac habitasse platea dictumst.\n\nMaecenas ut massa quis augue luctus tincidunt. Nulla mollis molestie lorem. Quisque ut erat.', '4', NULL, '2019-07-09 19:00:00'),
(18, 4, 7, NULL, 'Duis bibendum. Morbi non quam nec dui luctus rutrum. Nulla tellus.', '2', NULL, '2019-09-14 19:00:00'),
(19, 2, 2, NULL, 'Duis bibendum. Morbi non quam nec dui luctus rutrum. Nulla tellus.\n\nIn sagittis dui vel nisl. Duis ac nibh. Fusce lacus purus, aliquet at, feugiat non, pretium quis, lectus.', '3', NULL, '2018-10-15 19:00:00'),
(20, 4, 17, NULL, 'Integer tincidunt ante vel ipsum. Praesent blandit lacinia erat. Vestibulum sed magna at nunc commodo placerat.\n\nPraesent blandit. Nam nulla. Integer pede justo, lacinia eget, tincidunt eget, tempus vel, pede.', '4', NULL, '2019-02-12 19:00:00');

-- --------------------------------------------------------

--
-- Структура таблицы `settings`
--

CREATE TABLE `settings` (
  `id` int(11) NOT NULL COMMENT 'Идентификатор',
  `user_id` int(11) NOT NULL COMMENT 'Пользователь',
  `new_message` tinyint(1) NOT NULL DEFAULT '1' COMMENT 'Новое сообщение',
  `task_action` tinyint(1) NOT NULL DEFAULT '1' COMMENT 'Действие по заданию',
  `new_job` tinyint(1) NOT NULL DEFAULT '1' COMMENT 'Новый отзыв',
  `show_contacts` tinyint(1) NOT NULL DEFAULT '1' COMMENT 'Показывать мои контакты только заказчику'
) ENGINE=InnoDB DEFAULT CHARSET=utf8;

--
-- Дамп данных таблицы `settings`
--

INSERT INTO `settings` (`id`, `user_id`, `new_message`, `task_action`, `new_job`, `show_contacts`) VALUES
(1, 1, 1, 1, 1, 1),
(2, 2, 1, 1, 1, 1),
(3, 3, 1, 1, 1, 1),
(4, 4, 1, 1, 1, 1),
(5, 5, 1, 1, 1, 1),
(6, 6, 1, 1, 1, 1),
(7, 7, 1, 1, 1, 1),
(8, 8, 1, 1, 1, 1),
(9, 9, 1, 1, 1, 1),
(10, 10, 1, 1, 1, 1),
(11, 11, 1, 1, 1, 1),
(12, 12, 1, 1, 1, 1),
(13, 13, 1, 1, 1, 1),
(14, 14, 1, 1, 1, 1),
(15, 15, 1, 1, 1, 1),
(16, 16, 1, 1, 1, 1),
(17, 17, 1, 1, 1, 1),
(18, 18, 1, 1, 1, 1),
(19, 19, 1, 1, 1, 1),
(20, 20, 1, 1, 1, 1);

-- --------------------------------------------------------

--
-- Структура таблицы `skill`
--

CREATE TABLE `skill` (
  `id` int(11) NOT NULL COMMENT 'Идентификатор',
  `name` varchar(64) NOT NULL COMMENT 'Название специализации',
  `dt_add` timestamp NOT NULL DEFAULT CURRENT_TIMESTAMP COMMENT 'Время создания записи'
) ENGINE=InnoDB DEFAULT CHARSET=utf8;

--
-- Дамп данных таблицы `skill`
--

INSERT INTO `skill` (`id`, `name`, `dt_add`) VALUES
(1, 'Курьерские услуги', '2019-12-12 07:08:06'),
(2, 'Грузоперевозки', '2019-12-12 07:08:06'),
(3, 'Перевод текстов', '2019-12-12 07:08:06'),
(4, 'Строительство и ремонт', '2019-12-12 07:08:06'),
(5, 'Уборка помещений', '2019-12-12 07:08:06'),
(6, 'Ремонт транспорта', '2019-12-12 07:08:06'),
(7, 'Программирование', '2020-01-24 12:05:14');

-- --------------------------------------------------------

--
-- Структура таблицы `task`
--

CREATE TABLE `task` (
  `id` int(11) NOT NULL COMMENT 'Идентификатор',
  `customer_id` int(11) NOT NULL COMMENT 'Заказчик',
  `name` varchar(64) NOT NULL COMMENT 'Мне нужно',
  `description` text NOT NULL COMMENT 'Подробности задания',
  `category_id` int(11) NOT NULL COMMENT 'Категория задания',
  `address` varchar(255) DEFAULT NULL COMMENT 'Адрес',
  `lat` decimal(10,7) DEFAULT NULL COMMENT 'Широта',
  `long` decimal(10,7) DEFAULT NULL COMMENT 'Долгота',
  `budget` int(11) DEFAULT NULL COMMENT 'Бюджет',
  `status` int(11) NOT NULL COMMENT 'Статус задания',
  `contractor_id` int(11) DEFAULT NULL COMMENT 'Исполнитель',
  `expire` datetime DEFAULT NULL COMMENT 'Срок завершения работы',
  `dt_add` timestamp NOT NULL DEFAULT CURRENT_TIMESTAMP COMMENT 'Время создания записи'
) ENGINE=InnoDB DEFAULT CHARSET=utf8;

--
-- Дамп данных таблицы `task`
--

INSERT INTO `task` (`id`, `customer_id`, `name`, `description`, `category_id`, `address`, `lat`, `long`, `budget`, `status`, `contractor_id`, `expire`, `dt_add`) VALUES
(1, 10, 'enable impactful technologies', 'Suspendisse potenti. In eleifend quam a odio. In hac habitasse platea dictumst.', 2, '1 Eagan Crossing', '6.9641667', '158.2083333', 6587, 0, NULL, '2019-01-26 00:00:00', '2020-01-25 19:00:00'),
(2, 4, 'exploit revolutionary portals', 'Nam ultrices, libero non mattis pulvinar, nulla pede ullamcorper augue, a suscipit nulla elit ac nulla. Sed vel enim sit amet nunc viverra dapibus. Nulla suscipit ligula in lacus.\n\nCurabitur at ipsum ac tellus semper interdum. Mauris ullamcorper purus sit amet nulla. Quisque arcu libero, rutrum ac, lobortis vel, dapibus at, diam.', 3, '24043 Paget Alley', '5.6235050', '10.2544044', 2904, 1, 1, '2019-12-07 00:00:00', '2019-07-02 19:00:00'),
(3, 17, 'matrix next-generation e-commerce', 'Nulla ut erat id mauris vulputate elementum. Nullam varius. Nulla facilisi.\n\nCras non velit nec nisi vulputate nonummy. Maecenas tincidunt lacus at velit. Vivamus vel nulla eget eros elementum pellentesque.\n\nQuisque porta volutpat erat. Quisque erat eros, viverra eget, congue eget, semper rutrum, nulla. Nunc purus.', 2, '2867 Dryden Pass', '63.5932190', '53.9068532', 1170, 2, 1, '2019-11-23 00:00:00', '2019-06-26 19:00:00'),
(4, 15, 'benchmark plug-and-play infomediaries', 'Praesent blandit. Nam nulla. Integer pede justo, lacinia eget, tincidunt eget, tempus vel, pede.\n\nMorbi porttitor lorem id ligula. Suspendisse ornare consequat lectus. In est risus, auctor sed, tristique in, tempus sit amet, sem.\n\nFusce consequat. Nulla nisl. Nunc nisl.', 1, '80 Cambridge Street', '20.5800358', '-75.2435307', 838, 0, NULL, '2019-01-14 00:00:00', '2020-01-13 19:00:00'),
(5, 15, 'integrate cross-platform e-business', 'Praesent blandit. Nam nulla. Integer pede justo, lacinia eget, tincidunt eget, tempus vel, pede.', 3, '1 Stone Corner Junction', '14.9326574', '-91.6941845', 7484, 3, NULL, '2019-12-15 00:00:00', '2019-09-06 19:00:00'),
(6, 4, 'enable dot-com niches', 'Quisque porta volutpat erat. Quisque erat eros, viverra eget, congue eget, semper rutrum, nulla. Nunc purus.', 7, '12 Stephen Terrace', '40.1631270', '116.6388680', 5725, 4, 1, '2019-11-24 00:00:00', '2018-10-31 19:00:00'),
(7, 5, 'transform web-enabled relationships', 'Fusce posuere felis sed lacus. Morbi sem mauris, laoreet ut, rhoncus aliquet, pulvinar sed, nisl. Nunc rhoncus dui vel sem.', 5, '6213 Lake View Drive', '44.3794871', '20.2638941', 4414, 0, NULL, '2019-01-09 00:00:00', '2020-01-08 19:00:00'),
(8, 9, 'strategize frictionless solutions', 'Integer tincidunt ante vel ipsum. Praesent blandit lacinia erat. Vestibulum sed magna at nunc commodo placerat.\n\nPraesent blandit. Nam nulla. Integer pede justo, lacinia eget, tincidunt eget, tempus vel, pede.\n\nMorbi porttitor lorem id ligula. Suspendisse ornare consequat lectus. In est risus, auctor sed, tristique in, tempus sit amet, sem.', 8, '994 Corry Park', '-7.3251485', '108.3607464', 3454, 1, 5, '2019-11-14 00:00:00', '2019-03-31 19:00:00'),
(9, 7, 'innovate seamless metrics', 'Cras mi pede, malesuada in, imperdiet et, commodo vulputate, justo. In blandit ultrices enim. Lorem ipsum dolor sit amet, consectetuer adipiscing elit.', 4, NULL, NULL, NULL, 3101, 0, NULL, '2019-12-12 00:00:00', '2019-03-27 19:00:00'),
(10, 16, 'integrate wireless infomediaries', 'Donec diam neque, vestibulum eget, vulputate ut, ultrices vel, augue. Vestibulum ante ipsum primis in faucibus orci luctus et ultrices posuere cubilia Curae; Donec pharetra, magna vestibulum aliquet ultrices, erat tortor sollicitudin mi, sit amet lobortis sapien sapien non mi. Integer ac neque.', 4, '1 Dexter Hill', '41.3410168', '-8.3169303', 6562, 2, 3, '2019-12-19 00:00:00', '2019-04-30 19:00:00'),
(11, 10, 'Покрасить забор', 'Однажды, в студеную зимнюю пору,\r\nЯ из лесу вышел; был сильный мороз.', 7, NULL, NULL, NULL, 1234, 0, NULL, '2021-01-24 17:47:44', '2020-01-24 12:47:44');

-- --------------------------------------------------------

--
-- Структура таблицы `user`
--

CREATE TABLE `user` (
  `id` int(11) NOT NULL COMMENT 'Идентификатор',
  `email` varchar(64) NOT NULL COMMENT 'E-mail',
  `password` varchar(64) NOT NULL COMMENT 'Пароль',
  `name` varchar(64) NOT NULL COMMENT 'Имя пользователя',
  `dt_add` timestamp NOT NULL DEFAULT CURRENT_TIMESTAMP COMMENT 'Время создания записи'
) ENGINE=InnoDB DEFAULT CHARSET=utf8;

--
-- Дамп данных таблицы `user`
--

INSERT INTO `user` (`id`, `email`, `password`, `name`, `dt_add`) VALUES
(1, 'kbuttress0@1und1.de', 'JcfoKBYAB4k', 'Karrie Buttress', '2019-08-09 19:00:00'),
(2, 'baymer1@hp.com', 'ZEE54kg', 'Bob Aymer', '2018-12-20 19:00:00'),
(3, 'zboulding2@macromedia.com', 'VJyMV1Zat', 'Zilvia Boulding', '2019-07-24 19:00:00'),
(4, 'emollon3@bloglovin.com', 'XUIeJ693h', 'Emalee Mollon', '2018-11-12 19:00:00'),
(5, 'mmulberry4@cmu.edu', 'oWspnl', 'Maria Mulberry', '2019-07-19 19:00:00'),
(6, 'lby5@mozilla.com', 'GdtcUU', 'Levey By', '2019-02-11 19:00:00'),
(7, 'beates6@last.fm', 'UQw6VeA', 'Baron Eates', '2019-05-02 19:00:00'),
(8, 'tvink7@fotki.com', '49znXd7haFGz', 'Trip Vink', '2019-01-12 19:00:00'),
(9, 'bterbeck8@about.me', 'unCjJTF7sjs', 'Boonie Terbeck', '2019-09-14 19:00:00'),
(10, 'atraviss9@auda.org.au', 'dLuVMAg', 'Alonzo Traviss', '2018-12-18 19:00:00'),
(11, 'nwitteringa@google.com.br', 'tQlUG4n', 'Natassia Wittering', '2019-03-23 19:00:00'),
(12, 'fbrookeb@nba.com', 's9y9Mcfgy1g', 'Felice Brooke', '2019-09-26 19:00:00'),
(13, 'cviccaryc@amazon.co.uk', '9qd747vh', 'Carlen Viccary', '2018-12-05 19:00:00'),
(14, 'hgethingsd@sogou.com', 'zzN5c4', 'Hendrik Gethings', '2018-11-17 19:00:00'),
(15, 'dgirodiase@stanford.edu', 'j9QW6GQI', 'Dunc Girodias', '2018-10-13 19:00:00'),
(16, 'btanmanf@smh.com.au', '1aukKNEIneq', 'Bibbie Tanman', '2019-05-02 19:00:00'),
(17, 'bbartolettig@simplemachines.org', '3chTNtqhoo', 'Barnabas Bartoletti', '2018-12-24 19:00:00'),
(18, 'nculliph@fc2.com', '2UdKIR2f', 'Nixie Cullip', '2019-04-06 19:00:00'),
(19, 'mpimblotti@xing.com', 'nGZ8disdg', 'Matilde Pimblott', '2019-07-17 19:00:00'),
(20, 'askurrayj@un.org', 'bL9tAf', 'Al Skurray', '2018-11-24 19:00:00');

-- --------------------------------------------------------

--
-- Структура таблицы `user_skill`
--

CREATE TABLE `user_skill` (
  `id` int(11) NOT NULL COMMENT 'Идентификатор',
  `user_id` int(11) NOT NULL COMMENT 'Пользователь',
  `skill_id` int(11) NOT NULL COMMENT 'Специализация'
) ENGINE=InnoDB DEFAULT CHARSET=utf8;

--
-- Дамп данных таблицы `user_skill`
--

INSERT INTO `user_skill` (`id`, `user_id`, `skill_id`) VALUES
(1, 1, 1),
(2, 2, 2),
(3, 2, 3),
(4, 3, 1),
(5, 3, 2),
(6, 3, 4),
(7, 4, 2),
(8, 4, 3),
(9, 4, 5),
(10, 5, 1),
(11, 5, 4),
(12, 5, 6);

--
-- Индексы сохранённых таблиц
--

--
-- Индексы таблицы `attachment`
--
ALTER TABLE `attachment`
  ADD PRIMARY KEY (`id`),
  ADD KEY `task_id` (`task_id`),
  ADD KEY `file_id` (`file_id`);

--
-- Индексы таблицы `category`
--
ALTER TABLE `category`
  ADD PRIMARY KEY (`id`),
  ADD UNIQUE KEY `name` (`name`);

--
-- Индексы таблицы `chat`
--
ALTER TABLE `chat`
  ADD PRIMARY KEY (`id`),
  ADD KEY `task_id` (`task_id`),
  ADD KEY `contractor_id` (`contractor_id`);

--
-- Индексы таблицы `city`
--
ALTER TABLE `city`
  ADD PRIMARY KEY (`id`);

--
-- Индексы таблицы `favorite`
--
ALTER TABLE `favorite`
  ADD UNIQUE KEY `user_id` (`user_id`);

--
-- Индексы таблицы `feedback`
--
ALTER TABLE `feedback`
  ADD PRIMARY KEY (`id`),
  ADD KEY `contractor_id` (`contractor_id`);

--
-- Индексы таблицы `file`
--
ALTER TABLE `file`
  ADD PRIMARY KEY (`id`),
  ADD UNIQUE KEY `path` (`path`),
  ADD UNIQUE KEY `original_name` (`original_name`);

--
-- Индексы таблицы `job`
--
ALTER TABLE `job`
  ADD PRIMARY KEY (`id`),
  ADD KEY `task_id` (`task_id`),
  ADD KEY `contractor_id` (`contractor_id`);

--
-- Индексы таблицы `profile`
--
ALTER TABLE `profile`
  ADD PRIMARY KEY (`id`),
  ADD UNIQUE KEY `user_id` (`user_id`),
  ADD KEY `city_id` (`city_id`);

--
-- Индексы таблицы `reply`
--
ALTER TABLE `reply`
  ADD PRIMARY KEY (`id`),
  ADD KEY `task_id` (`task_id`),
  ADD KEY `contractor_id` (`contractor_id`);

--
-- Индексы таблицы `settings`
--
ALTER TABLE `settings`
  ADD PRIMARY KEY (`id`),
  ADD UNIQUE KEY `user_id` (`user_id`);

--
-- Индексы таблицы `skill`
--
ALTER TABLE `skill`
  ADD PRIMARY KEY (`id`),
  ADD UNIQUE KEY `name` (`name`);

--
-- Индексы таблицы `task`
--
ALTER TABLE `task`
  ADD PRIMARY KEY (`id`),
  ADD KEY `customer_id` (`customer_id`),
  ADD KEY `category_id` (`category_id`),
  ADD KEY `contractor_id` (`contractor_id`);

--
-- Индексы таблицы `user`
--
ALTER TABLE `user`
  ADD PRIMARY KEY (`id`),
  ADD UNIQUE KEY `email` (`email`);

--
-- Индексы таблицы `user_skill`
--
ALTER TABLE `user_skill`
  ADD PRIMARY KEY (`id`),
  ADD KEY `user_id` (`user_id`),
  ADD KEY `skill_id` (`skill_id`);

--
-- AUTO_INCREMENT для сохранённых таблиц
--

--
-- AUTO_INCREMENT для таблицы `attachment`
--
ALTER TABLE `attachment`
  MODIFY `id` int(11) NOT NULL AUTO_INCREMENT COMMENT 'Идентификатор';
--
-- AUTO_INCREMENT для таблицы `category`
--
ALTER TABLE `category`
  MODIFY `id` int(11) NOT NULL AUTO_INCREMENT COMMENT 'Идентификатор', AUTO_INCREMENT=9;
--
-- AUTO_INCREMENT для таблицы `chat`
--
ALTER TABLE `chat`
  MODIFY `id` int(11) NOT NULL AUTO_INCREMENT COMMENT 'Идентификатор';
--
-- AUTO_INCREMENT для таблицы `city`
--
ALTER TABLE `city`
  MODIFY `id` int(11) NOT NULL AUTO_INCREMENT COMMENT 'Идентификатор', AUTO_INCREMENT=1109;
--
-- AUTO_INCREMENT для таблицы `feedback`
--
ALTER TABLE `feedback`
  MODIFY `id` int(11) NOT NULL AUTO_INCREMENT COMMENT 'Идентификатор', AUTO_INCREMENT=13;
--
-- AUTO_INCREMENT для таблицы `file`
--
ALTER TABLE `file`
  MODIFY `id` int(11) NOT NULL AUTO_INCREMENT COMMENT 'Идентификатор';
--
-- AUTO_INCREMENT для таблицы `job`
--
ALTER TABLE `job`
  MODIFY `id` int(11) NOT NULL AUTO_INCREMENT COMMENT 'Идентификатор';
--
-- AUTO_INCREMENT для таблицы `profile`
--
ALTER TABLE `profile`
  MODIFY `id` int(11) NOT NULL AUTO_INCREMENT COMMENT 'Идентификатор', AUTO_INCREMENT=21;
--
-- AUTO_INCREMENT для таблицы `reply`
--
ALTER TABLE `reply`
  MODIFY `id` int(11) NOT NULL AUTO_INCREMENT COMMENT 'Идентификатор', AUTO_INCREMENT=21;
--
-- AUTO_INCREMENT для таблицы `settings`
--
ALTER TABLE `settings`
  MODIFY `id` int(11) NOT NULL AUTO_INCREMENT COMMENT 'Идентификатор', AUTO_INCREMENT=21;
--
-- AUTO_INCREMENT для таблицы `skill`
--
ALTER TABLE `skill`
  MODIFY `id` int(11) NOT NULL AUTO_INCREMENT COMMENT 'Идентификатор', AUTO_INCREMENT=8;
--
-- AUTO_INCREMENT для таблицы `task`
--
ALTER TABLE `task`
  MODIFY `id` int(11) NOT NULL AUTO_INCREMENT COMMENT 'Идентификатор', AUTO_INCREMENT=12;
--
-- AUTO_INCREMENT для таблицы `user`
--
ALTER TABLE `user`
  MODIFY `id` int(11) NOT NULL AUTO_INCREMENT COMMENT 'Идентификатор', AUTO_INCREMENT=21;
--
-- AUTO_INCREMENT для таблицы `user_skill`
--
ALTER TABLE `user_skill`
  MODIFY `id` int(11) NOT NULL AUTO_INCREMENT COMMENT 'Идентификатор', AUTO_INCREMENT=13;
--
-- Ограничения внешнего ключа сохраненных таблиц
--

--
-- Ограничения внешнего ключа таблицы `attachment`
--
ALTER TABLE `attachment`
  ADD CONSTRAINT `attachment_ibfk_1` FOREIGN KEY (`task_id`) REFERENCES `task` (`id`),
  ADD CONSTRAINT `attachment_ibfk_2` FOREIGN KEY (`file_id`) REFERENCES `file` (`id`);

--
-- Ограничения внешнего ключа таблицы `chat`
--
ALTER TABLE `chat`
  ADD CONSTRAINT `chat_ibfk_1` FOREIGN KEY (`task_id`) REFERENCES `task` (`id`),
  ADD CONSTRAINT `chat_ibfk_2` FOREIGN KEY (`contractor_id`) REFERENCES `user` (`id`);

--
-- Ограничения внешнего ключа таблицы `favorite`
--
ALTER TABLE `favorite`
  ADD CONSTRAINT `favorite_ibfk_1` FOREIGN KEY (`user_id`) REFERENCES `user` (`id`);

--
-- Ограничения внешнего ключа таблицы `feedback`
--
ALTER TABLE `feedback`
  ADD CONSTRAINT `feedback_ibfk_1` FOREIGN KEY (`contractor_id`) REFERENCES `user` (`id`);

--
-- Ограничения внешнего ключа таблицы `job`
--
ALTER TABLE `job`
  ADD CONSTRAINT `job_ibfk_1` FOREIGN KEY (`task_id`) REFERENCES `task` (`id`),
  ADD CONSTRAINT `job_ibfk_2` FOREIGN KEY (`contractor_id`) REFERENCES `user` (`id`);

--
-- Ограничения внешнего ключа таблицы `profile`
--
ALTER TABLE `profile`
  ADD CONSTRAINT `profile_ibfk_1` FOREIGN KEY (`user_id`) REFERENCES `user` (`id`),
  ADD CONSTRAINT `profile_ibfk_2` FOREIGN KEY (`city_id`) REFERENCES `city` (`id`);

--
-- Ограничения внешнего ключа таблицы `reply`
--
ALTER TABLE `reply`
  ADD CONSTRAINT `reply_ibfk_1` FOREIGN KEY (`task_id`) REFERENCES `task` (`id`),
  ADD CONSTRAINT `reply_ibfk_2` FOREIGN KEY (`contractor_id`) REFERENCES `user` (`id`);

--
-- Ограничения внешнего ключа таблицы `settings`
--
ALTER TABLE `settings`
  ADD CONSTRAINT `settings_ibfk_1` FOREIGN KEY (`user_id`) REFERENCES `user` (`id`);

--
-- Ограничения внешнего ключа таблицы `task`
--
ALTER TABLE `task`
  ADD CONSTRAINT `task_ibfk_1` FOREIGN KEY (`customer_id`) REFERENCES `user` (`id`),
  ADD CONSTRAINT `task_ibfk_2` FOREIGN KEY (`category_id`) REFERENCES `category` (`id`),
  ADD CONSTRAINT `task_ibfk_3` FOREIGN KEY (`contractor_id`) REFERENCES `user` (`id`);

--
-- Ограничения внешнего ключа таблицы `user_skill`
--
ALTER TABLE `user_skill`
  ADD CONSTRAINT `user_skill_ibfk_1` FOREIGN KEY (`user_id`) REFERENCES `user` (`id`),
  ADD CONSTRAINT `user_skill_ibfk_2` FOREIGN KEY (`skill_id`) REFERENCES `skill` (`id`);

/*!40101 SET CHARACTER_SET_CLIENT=@OLD_CHARACTER_SET_CLIENT */;
/*!40101 SET CHARACTER_SET_RESULTS=@OLD_CHARACTER_SET_RESULTS */;
/*!40101 SET COLLATION_CONNECTION=@OLD_COLLATION_CONNECTION */;
